-- phpMyAdmin SQL Dump
-- version 4.9.0.1
-- https://www.phpmyadmin.net/
--
-- Host: localhost
-- Generation Time: Jun 05, 2020 at 08:37 PM
-- Server version: 5.7.26
-- PHP Version: 7.3.6

SET SQL_MODE = "NO_AUTO_VALUE_ON_ZERO";
SET AUTOCOMMIT = 0;
START TRANSACTION;
SET time_zone = "+00:00";


/*!40101 SET @OLD_CHARACTER_SET_CLIENT=@@CHARACTER_SET_CLIENT */;
/*!40101 SET @OLD_CHARACTER_SET_RESULTS=@@CHARACTER_SET_RESULTS */;
/*!40101 SET @OLD_COLLATION_CONNECTION=@@COLLATION_CONNECTION */;
/*!40101 SET NAMES utf8mb4 */;

--
-- Database: `waondo`
--

-- --------------------------------------------------------

--
-- Table structure for table `academic_class_levels`
--

CREATE TABLE `academic_class_levels` (
  `AcademicClassLevelId` int(11) NOT NULL,
  `AcademicClassLevelName` varchar(200) NOT NULL,
  `HierachyCode` int(11) NOT NULL
) ENGINE=InnoDB DEFAULT CHARSET=latin1;

--
-- Dumping data for table `academic_class_levels`
--

INSERT INTO `academic_class_levels` (`AcademicClassLevelId`, `AcademicClassLevelName`, `HierachyCode`) VALUES
(1, 'Form One', 1),
(2, 'Form Two', 2),
(3, 'Form Three', 3),
(4, 'Form Four', 4);

-- --------------------------------------------------------

--
-- Table structure for table `access_privileges`
--

CREATE TABLE `access_privileges` (
  `AccessPrivilegeId` int(11) NOT NULL,
  `AccessPrivilegeDescription` varchar(200) NOT NULL,
  `AccessPrivilegeCode` int(11) NOT NULL
) ENGINE=InnoDB DEFAULT CHARSET=latin1;

--
-- Dumping data for table `access_privileges`
--

INSERT INTO `access_privileges` (`AccessPrivilegeId`, `AccessPrivilegeDescription`, `AccessPrivilegeCode`) VALUES
(1, 'Login', 1),
(2, 'Register a student', 2),
(3, 'Correct a student\'s personal details', 3),
(4, 'Register a fee installment', 4),
(5, 'Correct a fee payment', 5),
(6, 'Delete a student', 6);

-- --------------------------------------------------------

--
-- Table structure for table `actual_terms`
--

CREATE TABLE `actual_terms` (
  `TermId` int(11) NOT NULL,
  `TermIterationId` int(11) DEFAULT NULL,
  `TermStartDate` date NOT NULL,
  `TermEndDate` date NOT NULL,
  `Year` year(4) NOT NULL
) ENGINE=InnoDB DEFAULT CHARSET=latin1;

--
-- Dumping data for table `actual_terms`
--

INSERT INTO `actual_terms` (`TermId`, `TermIterationId`, `TermStartDate`, `TermEndDate`, `Year`) VALUES
(3, 1, '2018-01-01', '2018-03-31', 2018),
(4, 2, '2018-05-01', '2018-07-31', 2018),
(5, 3, '2018-08-01', '2018-11-30', 2018),
(6, 1, '2019-01-01', '2019-03-31', 2019),
(7, 2, '2019-05-01', '2019-07-31', 2019),
(8, 3, '2019-09-01', '2019-11-30', 2019),
(9, 2, '2020-04-01', '2020-07-31', 2020),
(12, 3, '2020-09-01', '2020-11-30', 2020),
(13, 1, '2021-01-01', '2021-03-31', 2021),
(14, 1, '2021-01-01', '2021-03-31', 2021),
(15, 1, '2021-01-01', '2021-03-31', 2021),
(16, 1, '2021-01-01', '2021-03-31', 2021),
(17, 1, '2021-01-01', '2021-03-31', 2021),
(18, 1, '2021-01-01', '2021-03-31', 2021),
(19, 1, '2021-01-01', '2021-03-31', 2021),
(20, 1, '2021-01-01', '2021-03-31', 2021),
(21, 1, '2021-01-01', '2021-03-31', 2021),
(22, 1, '2021-01-01', '2021-03-31', 2021),
(23, 1, '2021-01-01', '2021-03-31', 2021),
(24, 1, '2021-01-01', '2021-03-31', 2021),
(25, 1, '2021-01-01', '2021-03-31', 2021),
(26, 1, '2021-01-01', '2021-03-31', 2021),
(27, 1, '2021-01-01', '2021-03-31', 2021),
(28, 1, '2021-01-01', '2021-03-31', 2021),
(29, 1, '2021-01-01', '2021-03-31', 2021),
(30, 1, '2021-01-01', '2021-03-31', 2021),
(31, 1, '2021-01-01', '2021-03-31', 2021),
(32, 1, '2021-01-01', '2021-03-31', 2021),
(33, 1, '2021-01-01', '2021-03-31', 2021),
(34, 1, '2021-01-01', '2021-03-31', 2021),
(35, 1, '2021-01-01', '2021-03-31', 2021),
(36, 1, '2021-01-01', '2021-03-31', 2021),
(37, 1, '2021-01-01', '2021-03-31', 2021),
(38, 1, '2021-01-01', '2021-03-31', 2021),
(39, 1, '2021-01-01', '2021-03-31', 2021),
(40, 1, '2021-01-01', '2021-03-31', 2021),
(41, 1, '2021-01-01', '2021-03-31', 2021),
(42, 1, '2021-01-01', '2021-03-31', 2021),
(43, 1, '2021-01-01', '2021-03-31', 2021),
(44, 1, '2021-01-01', '2021-03-31', 2021),
(45, 1, '2021-01-01', '2021-03-31', 2021),
(46, 1, '2021-01-01', '2021-03-31', 2021),
(47, 1, '2021-01-01', '2021-03-31', 2021),
(48, 1, '2021-01-01', '2021-03-31', 2021),
(49, 1, '2021-01-01', '2021-03-31', 2021),
(50, 1, '2021-01-01', '2021-03-31', 2021),
(51, 1, '2021-01-01', '2021-03-31', 2021);

-- --------------------------------------------------------

--
-- Table structure for table `actual_weeks`
--

CREATE TABLE `actual_weeks` (
  `ActualWeekId` int(11) NOT NULL,
  `TermId` int(11) NOT NULL,
  `WeekIterationId` int(11) NOT NULL,
  `WeekStartDate` date NOT NULL,
  `WeekEndDate` date NOT NULL
) ENGINE=InnoDB DEFAULT CHARSET=latin1;

--
-- Dumping data for table `actual_weeks`
--

INSERT INTO `actual_weeks` (`ActualWeekId`, `TermId`, `WeekIterationId`, `WeekStartDate`, `WeekEndDate`) VALUES
(1, 6, 1, '2019-01-01', '2019-01-06'),
(2, 14, 1, '2021-01-01', '2021-01-07'),
(3, 14, 2, '2021-01-08', '2021-01-14'),
(4, 14, 3, '2021-01-15', '2021-01-21'),
(5, 14, 4, '2021-01-22', '2021-01-28'),
(6, 14, 5, '2021-01-29', '2021-02-04'),
(7, 14, 6, '2021-02-05', '2021-02-11'),
(8, 14, 7, '2021-02-12', '2021-02-18'),
(9, 14, 8, '2021-02-19', '2021-02-25'),
(10, 14, 9, '2021-02-26', '2021-03-04'),
(11, 14, 10, '2021-03-05', '2021-03-11'),
(12, 14, 11, '2021-03-12', '2021-03-18'),
(13, 14, 12, '2021-03-19', '2021-03-25'),
(14, 14, 13, '2021-03-26', '2021-03-31'),
(15, 15, 1, '2021-01-01', '2021-01-07'),
(16, 15, 2, '2021-01-08', '2021-01-14'),
(17, 15, 3, '2021-01-15', '2021-01-21'),
(18, 15, 4, '2021-01-22', '2021-01-28'),
(19, 15, 5, '2021-01-29', '2021-02-04'),
(20, 15, 6, '2021-02-05', '2021-02-11'),
(21, 15, 7, '2021-02-12', '2021-02-18'),
(22, 15, 8, '2021-02-19', '2021-02-25'),
(23, 15, 9, '2021-02-26', '2021-03-04'),
(24, 15, 10, '2021-03-05', '2021-03-11'),
(25, 15, 11, '2021-03-12', '2021-03-18'),
(26, 15, 12, '2021-03-19', '2021-03-25'),
(27, 15, 13, '2021-03-26', '2021-03-31'),
(28, 16, 1, '2021-01-01', '2021-01-07'),
(29, 16, 2, '2021-01-08', '2021-01-14'),
(30, 16, 3, '2021-01-15', '2021-01-21'),
(31, 16, 4, '2021-01-22', '2021-01-28'),
(32, 16, 5, '2021-01-29', '2021-02-04'),
(33, 16, 6, '2021-02-05', '2021-02-11'),
(34, 16, 7, '2021-02-12', '2021-02-18'),
(35, 16, 8, '2021-02-19', '2021-02-25'),
(36, 16, 9, '2021-02-26', '2021-03-04'),
(37, 16, 10, '2021-03-05', '2021-03-11'),
(38, 16, 11, '2021-03-12', '2021-03-18'),
(39, 16, 12, '2021-03-19', '2021-03-25'),
(40, 16, 13, '2021-03-26', '2021-03-31'),
(41, 17, 1, '2021-01-01', '2021-01-07'),
(42, 17, 2, '2021-01-08', '2021-01-14'),
(43, 17, 3, '2021-01-15', '2021-01-21'),
(44, 17, 4, '2021-01-22', '2021-01-28'),
(45, 17, 5, '2021-01-29', '2021-02-04'),
(46, 17, 6, '2021-02-05', '2021-02-11'),
(47, 17, 7, '2021-02-12', '2021-02-18'),
(48, 17, 8, '2021-02-19', '2021-02-25'),
(49, 17, 9, '2021-02-26', '2021-03-04'),
(50, 17, 10, '2021-03-05', '2021-03-11'),
(51, 17, 11, '2021-03-12', '2021-03-18'),
(52, 17, 12, '2021-03-19', '2021-03-25'),
(53, 17, 13, '2021-03-26', '2021-03-31'),
(54, 18, 1, '2021-01-01', '2021-01-07'),
(55, 18, 2, '2021-01-08', '2021-01-14'),
(56, 18, 3, '2021-01-15', '2021-01-21'),
(57, 18, 4, '2021-01-22', '2021-01-28'),
(58, 18, 5, '2021-01-29', '2021-02-04'),
(59, 18, 6, '2021-02-05', '2021-02-11'),
(60, 18, 7, '2021-02-12', '2021-02-18'),
(61, 18, 8, '2021-02-19', '2021-02-25'),
(62, 18, 9, '2021-02-26', '2021-03-04'),
(63, 18, 10, '2021-03-05', '2021-03-11'),
(64, 18, 11, '2021-03-12', '2021-03-18'),
(65, 18, 12, '2021-03-19', '2021-03-25'),
(66, 18, 13, '2021-03-26', '2021-03-31'),
(67, 19, 1, '2021-01-01', '2021-01-07'),
(68, 19, 2, '2021-01-08', '2021-01-14'),
(69, 19, 3, '2021-01-15', '2021-01-21'),
(70, 19, 4, '2021-01-22', '2021-01-28'),
(71, 19, 5, '2021-01-29', '2021-02-04'),
(72, 19, 6, '2021-02-05', '2021-02-11'),
(73, 19, 7, '2021-02-12', '2021-02-18'),
(74, 19, 8, '2021-02-19', '2021-02-25'),
(75, 19, 9, '2021-02-26', '2021-03-04'),
(76, 19, 10, '2021-03-05', '2021-03-11'),
(77, 19, 11, '2021-03-12', '2021-03-18'),
(78, 19, 12, '2021-03-19', '2021-03-25'),
(79, 19, 13, '2021-03-26', '2021-03-31'),
(80, 20, 1, '2021-01-01', '2021-01-07'),
(81, 20, 2, '2021-01-08', '2021-01-14'),
(82, 20, 3, '2021-01-15', '2021-01-21'),
(83, 20, 4, '2021-01-22', '2021-01-28'),
(84, 20, 5, '2021-01-29', '2021-02-04'),
(85, 20, 6, '2021-02-05', '2021-02-11'),
(86, 20, 7, '2021-02-12', '2021-02-18'),
(87, 20, 8, '2021-02-19', '2021-02-25'),
(88, 20, 9, '2021-02-26', '2021-03-04'),
(89, 20, 10, '2021-03-05', '2021-03-11'),
(90, 20, 11, '2021-03-12', '2021-03-18'),
(91, 20, 12, '2021-03-19', '2021-03-25'),
(92, 20, 13, '2021-03-26', '2021-03-31'),
(93, 21, 1, '2021-01-01', '2021-01-07'),
(94, 21, 2, '2021-01-08', '2021-01-14'),
(95, 21, 3, '2021-01-15', '2021-01-21'),
(96, 21, 4, '2021-01-22', '2021-01-28'),
(97, 21, 5, '2021-01-29', '2021-02-04'),
(98, 21, 6, '2021-02-05', '2021-02-11'),
(99, 21, 7, '2021-02-12', '2021-02-18'),
(100, 21, 8, '2021-02-19', '2021-02-25'),
(101, 21, 9, '2021-02-26', '2021-03-04'),
(102, 21, 10, '2021-03-05', '2021-03-11'),
(103, 21, 11, '2021-03-12', '2021-03-18'),
(104, 21, 12, '2021-03-19', '2021-03-25'),
(105, 21, 13, '2021-03-26', '2021-03-31'),
(106, 22, 1, '2021-01-01', '2021-01-07'),
(107, 22, 2, '2021-01-08', '2021-01-14'),
(108, 22, 3, '2021-01-15', '2021-01-21'),
(109, 22, 4, '2021-01-22', '2021-01-28'),
(110, 22, 5, '2021-01-29', '2021-02-04'),
(111, 22, 6, '2021-02-05', '2021-02-11'),
(112, 22, 7, '2021-02-12', '2021-02-18'),
(113, 22, 8, '2021-02-19', '2021-02-25'),
(114, 22, 9, '2021-02-26', '2021-03-04'),
(115, 22, 10, '2021-03-05', '2021-03-11'),
(116, 22, 11, '2021-03-12', '2021-03-18'),
(117, 22, 12, '2021-03-19', '2021-03-25'),
(118, 22, 13, '2021-03-26', '2021-03-31'),
(119, 23, 1, '2021-01-01', '2021-01-07'),
(120, 23, 2, '2021-01-08', '2021-01-14'),
(121, 23, 3, '2021-01-15', '2021-01-21'),
(122, 23, 4, '2021-01-22', '2021-01-28'),
(123, 23, 5, '2021-01-29', '2021-02-04'),
(124, 23, 6, '2021-02-05', '2021-02-11'),
(125, 23, 7, '2021-02-12', '2021-02-18'),
(126, 23, 8, '2021-02-19', '2021-02-25'),
(127, 23, 9, '2021-02-26', '2021-03-04'),
(128, 23, 10, '2021-03-05', '2021-03-11'),
(129, 23, 11, '2021-03-12', '2021-03-18'),
(130, 23, 12, '2021-03-19', '2021-03-25'),
(131, 23, 13, '2021-03-26', '2021-03-31'),
(132, 24, 1, '2021-01-01', '2021-01-07'),
(133, 24, 2, '2021-01-08', '2021-01-14'),
(134, 24, 3, '2021-01-15', '2021-01-21'),
(135, 24, 4, '2021-01-22', '2021-01-28'),
(136, 24, 5, '2021-01-29', '2021-02-04'),
(137, 24, 6, '2021-02-05', '2021-02-11'),
(138, 24, 7, '2021-02-12', '2021-02-18'),
(139, 24, 8, '2021-02-19', '2021-02-25'),
(140, 24, 9, '2021-02-26', '2021-03-04'),
(141, 24, 10, '2021-03-05', '2021-03-11'),
(142, 24, 11, '2021-03-12', '2021-03-18'),
(143, 24, 12, '2021-03-19', '2021-03-25'),
(144, 24, 13, '2021-03-26', '2021-03-31'),
(145, 25, 1, '2021-01-01', '2021-01-07'),
(146, 25, 2, '2021-01-08', '2021-01-14'),
(147, 25, 3, '2021-01-15', '2021-01-21'),
(148, 25, 4, '2021-01-22', '2021-01-28'),
(149, 25, 5, '2021-01-29', '2021-02-04'),
(150, 25, 6, '2021-02-05', '2021-02-11'),
(151, 25, 7, '2021-02-12', '2021-02-18'),
(152, 25, 8, '2021-02-19', '2021-02-25'),
(153, 25, 9, '2021-02-26', '2021-03-04'),
(154, 25, 10, '2021-03-05', '2021-03-11'),
(155, 25, 11, '2021-03-12', '2021-03-18'),
(156, 25, 12, '2021-03-19', '2021-03-25'),
(157, 25, 13, '2021-03-26', '2021-03-31'),
(158, 26, 1, '2021-01-01', '2021-01-07'),
(159, 26, 2, '2021-01-08', '2021-01-14'),
(160, 26, 3, '2021-01-15', '2021-01-21'),
(161, 26, 4, '2021-01-22', '2021-01-28'),
(162, 26, 5, '2021-01-29', '2021-02-04'),
(163, 26, 6, '2021-02-05', '2021-02-11'),
(164, 26, 7, '2021-02-12', '2021-02-18'),
(165, 26, 8, '2021-02-19', '2021-02-25'),
(166, 26, 9, '2021-02-26', '2021-03-04'),
(167, 26, 10, '2021-03-05', '2021-03-11'),
(168, 26, 11, '2021-03-12', '2021-03-18'),
(169, 26, 12, '2021-03-19', '2021-03-25'),
(170, 26, 13, '2021-03-26', '2021-03-31'),
(171, 27, 1, '2021-01-01', '2021-01-07'),
(172, 27, 2, '2021-01-08', '2021-01-14'),
(173, 27, 3, '2021-01-15', '2021-01-21'),
(174, 27, 4, '2021-01-22', '2021-01-28'),
(175, 27, 5, '2021-01-29', '2021-02-04'),
(176, 27, 6, '2021-02-05', '2021-02-11'),
(177, 27, 7, '2021-02-12', '2021-02-18'),
(178, 27, 8, '2021-02-19', '2021-02-25'),
(179, 27, 9, '2021-02-26', '2021-03-04'),
(180, 27, 10, '2021-03-05', '2021-03-11'),
(181, 27, 11, '2021-03-12', '2021-03-18'),
(182, 27, 12, '2021-03-19', '2021-03-25'),
(183, 27, 13, '2021-03-26', '2021-03-31'),
(184, 28, 1, '2021-01-01', '2021-01-07'),
(185, 28, 2, '2021-01-08', '2021-01-14'),
(186, 28, 3, '2021-01-15', '2021-01-21'),
(187, 28, 4, '2021-01-22', '2021-01-28'),
(188, 28, 5, '2021-01-29', '2021-02-04'),
(189, 28, 6, '2021-02-05', '2021-02-11'),
(190, 28, 7, '2021-02-12', '2021-02-18'),
(191, 28, 8, '2021-02-19', '2021-02-25'),
(192, 28, 9, '2021-02-26', '2021-03-04'),
(193, 28, 10, '2021-03-05', '2021-03-11'),
(194, 28, 11, '2021-03-12', '2021-03-18'),
(195, 28, 12, '2021-03-19', '2021-03-25'),
(196, 28, 13, '2021-03-26', '2021-03-31'),
(197, 29, 1, '2021-01-01', '2021-01-07'),
(198, 29, 2, '2021-01-08', '2021-01-14'),
(199, 29, 3, '2021-01-15', '2021-01-21'),
(200, 29, 4, '2021-01-22', '2021-01-28'),
(201, 29, 5, '2021-01-29', '2021-02-04'),
(202, 29, 6, '2021-02-05', '2021-02-11'),
(203, 29, 7, '2021-02-12', '2021-02-18'),
(204, 29, 8, '2021-02-19', '2021-02-25'),
(205, 29, 9, '2021-02-26', '2021-03-04'),
(206, 29, 10, '2021-03-05', '2021-03-11'),
(207, 29, 11, '2021-03-12', '2021-03-18'),
(208, 29, 12, '2021-03-19', '2021-03-25'),
(209, 29, 13, '2021-03-26', '2021-03-31'),
(210, 30, 1, '2021-01-01', '2021-01-07'),
(211, 30, 2, '2021-01-08', '2021-01-14'),
(212, 30, 3, '2021-01-15', '2021-01-21'),
(213, 30, 4, '2021-01-22', '2021-01-28'),
(214, 30, 5, '2021-01-29', '2021-02-04'),
(215, 30, 6, '2021-02-05', '2021-02-11'),
(216, 30, 7, '2021-02-12', '2021-02-18'),
(217, 30, 8, '2021-02-19', '2021-02-25'),
(218, 30, 9, '2021-02-26', '2021-03-04'),
(219, 30, 10, '2021-03-05', '2021-03-11'),
(220, 30, 11, '2021-03-12', '2021-03-18'),
(221, 30, 12, '2021-03-19', '2021-03-25'),
(222, 30, 13, '2021-03-26', '2021-03-31'),
(223, 31, 1, '2021-01-01', '2021-01-07'),
(224, 31, 2, '2021-01-08', '2021-01-14'),
(225, 31, 3, '2021-01-15', '2021-01-21'),
(226, 31, 4, '2021-01-22', '2021-01-28'),
(227, 31, 5, '2021-01-29', '2021-02-04'),
(228, 31, 6, '2021-02-05', '2021-02-11'),
(229, 31, 7, '2021-02-12', '2021-02-18'),
(230, 31, 8, '2021-02-19', '2021-02-25'),
(231, 31, 9, '2021-02-26', '2021-03-04'),
(232, 31, 10, '2021-03-05', '2021-03-11'),
(233, 31, 11, '2021-03-12', '2021-03-18'),
(234, 31, 12, '2021-03-19', '2021-03-25'),
(235, 31, 13, '2021-03-26', '2021-03-31'),
(236, 32, 1, '2021-01-01', '2021-01-07'),
(237, 32, 2, '2021-01-08', '2021-01-14'),
(238, 32, 3, '2021-01-15', '2021-01-21'),
(239, 32, 4, '2021-01-22', '2021-01-28'),
(240, 32, 5, '2021-01-29', '2021-02-04'),
(241, 32, 6, '2021-02-05', '2021-02-11'),
(242, 32, 7, '2021-02-12', '2021-02-18'),
(243, 32, 8, '2021-02-19', '2021-02-25'),
(244, 32, 9, '2021-02-26', '2021-03-04'),
(245, 32, 10, '2021-03-05', '2021-03-11'),
(246, 32, 11, '2021-03-12', '2021-03-18'),
(247, 32, 12, '2021-03-19', '2021-03-25'),
(248, 32, 13, '2021-03-26', '2021-03-31'),
(249, 33, 1, '2021-01-01', '2021-01-07'),
(250, 33, 2, '2021-01-08', '2021-01-14'),
(251, 33, 3, '2021-01-15', '2021-01-21'),
(252, 33, 4, '2021-01-22', '2021-01-28'),
(253, 33, 5, '2021-01-29', '2021-02-04'),
(254, 33, 6, '2021-02-05', '2021-02-11'),
(255, 33, 7, '2021-02-12', '2021-02-18'),
(256, 33, 8, '2021-02-19', '2021-02-25'),
(257, 33, 9, '2021-02-26', '2021-03-04'),
(258, 33, 10, '2021-03-05', '2021-03-11'),
(259, 33, 11, '2021-03-12', '2021-03-18'),
(260, 33, 12, '2021-03-19', '2021-03-25'),
(261, 33, 13, '2021-03-26', '2021-03-31'),
(262, 34, 1, '2021-01-01', '2021-01-07'),
(263, 34, 2, '2021-01-08', '2021-01-14'),
(264, 34, 3, '2021-01-15', '2021-01-21'),
(265, 34, 4, '2021-01-22', '2021-01-28'),
(266, 34, 5, '2021-01-29', '2021-02-04'),
(267, 34, 6, '2021-02-05', '2021-02-11'),
(268, 34, 7, '2021-02-12', '2021-02-18'),
(269, 34, 8, '2021-02-19', '2021-02-25'),
(270, 34, 9, '2021-02-26', '2021-03-04'),
(271, 34, 10, '2021-03-05', '2021-03-11'),
(272, 34, 11, '2021-03-12', '2021-03-18'),
(273, 34, 12, '2021-03-19', '2021-03-25'),
(274, 34, 13, '2021-03-26', '2021-03-31'),
(275, 35, 1, '2021-01-01', '2021-01-07'),
(276, 35, 2, '2021-01-08', '2021-01-14'),
(277, 35, 3, '2021-01-15', '2021-01-21'),
(278, 35, 4, '2021-01-22', '2021-01-28'),
(279, 35, 5, '2021-01-29', '2021-02-04'),
(280, 35, 6, '2021-02-05', '2021-02-11'),
(281, 35, 7, '2021-02-12', '2021-02-18'),
(282, 35, 8, '2021-02-19', '2021-02-25'),
(283, 35, 9, '2021-02-26', '2021-03-04'),
(284, 35, 10, '2021-03-05', '2021-03-11'),
(285, 35, 11, '2021-03-12', '2021-03-18'),
(286, 35, 12, '2021-03-19', '2021-03-25'),
(287, 35, 13, '2021-03-26', '2021-03-31'),
(288, 36, 1, '2021-01-01', '2021-01-07'),
(289, 36, 2, '2021-01-08', '2021-01-14'),
(290, 36, 3, '2021-01-15', '2021-01-21'),
(291, 36, 4, '2021-01-22', '2021-01-28'),
(292, 36, 5, '2021-01-29', '2021-02-04'),
(293, 36, 6, '2021-02-05', '2021-02-11'),
(294, 36, 7, '2021-02-12', '2021-02-18'),
(295, 36, 8, '2021-02-19', '2021-02-25'),
(296, 36, 9, '2021-02-26', '2021-03-04'),
(297, 36, 10, '2021-03-05', '2021-03-11'),
(298, 36, 11, '2021-03-12', '2021-03-18'),
(299, 36, 12, '2021-03-19', '2021-03-25'),
(300, 36, 13, '2021-03-26', '2021-03-31'),
(301, 37, 1, '2021-01-01', '2021-01-07'),
(302, 37, 2, '2021-01-08', '2021-01-14'),
(303, 37, 3, '2021-01-15', '2021-01-21'),
(304, 37, 4, '2021-01-22', '2021-01-28'),
(305, 37, 5, '2021-01-29', '2021-02-04'),
(306, 37, 6, '2021-02-05', '2021-02-11'),
(307, 37, 7, '2021-02-12', '2021-02-18'),
(308, 37, 8, '2021-02-19', '2021-02-25'),
(309, 37, 9, '2021-02-26', '2021-03-04'),
(310, 37, 10, '2021-03-05', '2021-03-11'),
(311, 37, 11, '2021-03-12', '2021-03-18'),
(312, 37, 12, '2021-03-19', '2021-03-25'),
(313, 37, 13, '2021-03-26', '2021-03-31'),
(314, 38, 1, '2021-01-01', '2021-01-07'),
(315, 38, 2, '2021-01-08', '2021-01-14'),
(316, 38, 3, '2021-01-15', '2021-01-21'),
(317, 38, 4, '2021-01-22', '2021-01-28'),
(318, 38, 5, '2021-01-29', '2021-02-04'),
(319, 38, 6, '2021-02-05', '2021-02-11'),
(320, 38, 7, '2021-02-12', '2021-02-18'),
(321, 38, 8, '2021-02-19', '2021-02-25'),
(322, 38, 9, '2021-02-26', '2021-03-04'),
(323, 38, 10, '2021-03-05', '2021-03-11'),
(324, 38, 11, '2021-03-12', '2021-03-18'),
(325, 38, 12, '2021-03-19', '2021-03-25'),
(326, 38, 13, '2021-03-26', '2021-03-31'),
(327, 39, 1, '2021-01-01', '2021-01-07'),
(328, 39, 2, '2021-01-08', '2021-01-14'),
(329, 39, 3, '2021-01-15', '2021-01-21'),
(330, 39, 4, '2021-01-22', '2021-01-28'),
(331, 39, 5, '2021-01-29', '2021-02-04'),
(332, 39, 6, '2021-02-05', '2021-02-11'),
(333, 39, 7, '2021-02-12', '2021-02-18'),
(334, 39, 8, '2021-02-19', '2021-02-25'),
(335, 39, 9, '2021-02-26', '2021-03-04'),
(336, 39, 10, '2021-03-05', '2021-03-11'),
(337, 39, 11, '2021-03-12', '2021-03-18'),
(338, 39, 12, '2021-03-19', '2021-03-25'),
(339, 39, 13, '2021-03-26', '2021-03-31'),
(340, 40, 1, '2021-01-01', '2021-01-07'),
(341, 40, 2, '2021-01-08', '2021-01-14'),
(342, 40, 3, '2021-01-15', '2021-01-21'),
(343, 40, 4, '2021-01-22', '2021-01-28'),
(344, 40, 5, '2021-01-29', '2021-02-04'),
(345, 40, 6, '2021-02-05', '2021-02-11'),
(346, 40, 7, '2021-02-12', '2021-02-18'),
(347, 40, 8, '2021-02-19', '2021-02-25'),
(348, 40, 9, '2021-02-26', '2021-03-04'),
(349, 40, 10, '2021-03-05', '2021-03-11'),
(350, 40, 11, '2021-03-12', '2021-03-18'),
(351, 40, 12, '2021-03-19', '2021-03-25'),
(352, 40, 13, '2021-03-26', '2021-03-31'),
(353, 41, 1, '2021-01-01', '2021-01-07'),
(354, 41, 2, '2021-01-08', '2021-01-14'),
(355, 41, 3, '2021-01-15', '2021-01-21'),
(356, 41, 4, '2021-01-22', '2021-01-28'),
(357, 41, 5, '2021-01-29', '2021-02-04'),
(358, 41, 6, '2021-02-05', '2021-02-11'),
(359, 41, 7, '2021-02-12', '2021-02-18'),
(360, 41, 8, '2021-02-19', '2021-02-25'),
(361, 41, 9, '2021-02-26', '2021-03-04'),
(362, 41, 10, '2021-03-05', '2021-03-11'),
(363, 41, 11, '2021-03-12', '2021-03-18'),
(364, 41, 12, '2021-03-19', '2021-03-25'),
(365, 41, 13, '2021-03-26', '2021-03-31'),
(366, 42, 1, '2021-01-01', '2021-01-07'),
(367, 42, 2, '2021-01-08', '2021-01-14'),
(368, 42, 3, '2021-01-15', '2021-01-21'),
(369, 42, 4, '2021-01-22', '2021-01-28'),
(370, 42, 5, '2021-01-29', '2021-02-04'),
(371, 42, 6, '2021-02-05', '2021-02-11'),
(372, 42, 7, '2021-02-12', '2021-02-18'),
(373, 42, 8, '2021-02-19', '2021-02-25'),
(374, 42, 9, '2021-02-26', '2021-03-04'),
(375, 42, 10, '2021-03-05', '2021-03-11'),
(376, 42, 11, '2021-03-12', '2021-03-18'),
(377, 42, 12, '2021-03-19', '2021-03-25'),
(378, 42, 13, '2021-03-26', '2021-03-31'),
(379, 43, 1, '2021-01-01', '2021-01-07'),
(380, 43, 2, '2021-01-08', '2021-01-14'),
(381, 43, 3, '2021-01-15', '2021-01-21'),
(382, 43, 4, '2021-01-22', '2021-01-28'),
(383, 43, 5, '2021-01-29', '2021-02-04'),
(384, 43, 6, '2021-02-05', '2021-02-11'),
(385, 43, 7, '2021-02-12', '2021-02-18'),
(386, 43, 8, '2021-02-19', '2021-02-25'),
(387, 43, 9, '2021-02-26', '2021-03-04'),
(388, 43, 10, '2021-03-05', '2021-03-11'),
(389, 43, 11, '2021-03-12', '2021-03-18'),
(390, 43, 12, '2021-03-19', '2021-03-25'),
(391, 43, 13, '2021-03-26', '2021-03-31'),
(392, 44, 1, '2021-01-01', '2021-01-07'),
(393, 44, 2, '2021-01-08', '2021-01-14'),
(394, 44, 3, '2021-01-15', '2021-01-21'),
(395, 44, 4, '2021-01-22', '2021-01-28'),
(396, 44, 5, '2021-01-29', '2021-02-04'),
(397, 44, 6, '2021-02-05', '2021-02-11'),
(398, 44, 7, '2021-02-12', '2021-02-18'),
(399, 44, 8, '2021-02-19', '2021-02-25'),
(400, 44, 9, '2021-02-26', '2021-03-04'),
(401, 44, 10, '2021-03-05', '2021-03-11'),
(402, 44, 11, '2021-03-12', '2021-03-18'),
(403, 44, 12, '2021-03-19', '2021-03-25'),
(404, 44, 13, '2021-03-26', '2021-03-31'),
(405, 45, 1, '2021-01-01', '2021-01-07'),
(406, 45, 2, '2021-01-08', '2021-01-14'),
(407, 45, 3, '2021-01-15', '2021-01-21'),
(408, 45, 4, '2021-01-22', '2021-01-28'),
(409, 45, 5, '2021-01-29', '2021-02-04'),
(410, 45, 6, '2021-02-05', '2021-02-11'),
(411, 45, 7, '2021-02-12', '2021-02-18'),
(412, 45, 8, '2021-02-19', '2021-02-25'),
(413, 45, 9, '2021-02-26', '2021-03-04'),
(414, 45, 10, '2021-03-05', '2021-03-11'),
(415, 45, 11, '2021-03-12', '2021-03-18'),
(416, 45, 12, '2021-03-19', '2021-03-25'),
(417, 45, 13, '2021-03-26', '2021-03-31'),
(418, 46, 1, '2021-01-01', '2021-01-07'),
(419, 46, 2, '2021-01-08', '2021-01-14'),
(420, 46, 3, '2021-01-15', '2021-01-21'),
(421, 46, 4, '2021-01-22', '2021-01-28'),
(422, 46, 5, '2021-01-29', '2021-02-04'),
(423, 46, 6, '2021-02-05', '2021-02-11'),
(424, 46, 7, '2021-02-12', '2021-02-18'),
(425, 46, 8, '2021-02-19', '2021-02-25'),
(426, 46, 9, '2021-02-26', '2021-03-04'),
(427, 46, 10, '2021-03-05', '2021-03-11'),
(428, 46, 11, '2021-03-12', '2021-03-18'),
(429, 46, 12, '2021-03-19', '2021-03-25'),
(430, 46, 13, '2021-03-26', '2021-03-31'),
(431, 47, 1, '2021-01-01', '2021-01-07'),
(432, 47, 2, '2021-01-08', '2021-01-14'),
(433, 47, 3, '2021-01-15', '2021-01-21'),
(434, 47, 4, '2021-01-22', '2021-01-28'),
(435, 47, 5, '2021-01-29', '2021-02-04'),
(436, 47, 6, '2021-02-05', '2021-02-11'),
(437, 47, 7, '2021-02-12', '2021-02-18'),
(438, 47, 8, '2021-02-19', '2021-02-25'),
(439, 47, 9, '2021-02-26', '2021-03-04'),
(440, 47, 10, '2021-03-05', '2021-03-11'),
(441, 47, 11, '2021-03-12', '2021-03-18'),
(442, 47, 12, '2021-03-19', '2021-03-25'),
(443, 47, 13, '2021-03-26', '2021-03-31'),
(444, 48, 1, '2021-01-01', '2021-01-07'),
(445, 48, 2, '2021-01-08', '2021-01-14'),
(446, 48, 3, '2021-01-15', '2021-01-21'),
(447, 48, 4, '2021-01-22', '2021-01-28'),
(448, 48, 5, '2021-01-29', '2021-02-04'),
(449, 48, 6, '2021-02-05', '2021-02-11'),
(450, 48, 7, '2021-02-12', '2021-02-18'),
(451, 48, 8, '2021-02-19', '2021-02-25'),
(452, 48, 9, '2021-02-26', '2021-03-04'),
(453, 48, 10, '2021-03-05', '2021-03-11'),
(454, 48, 11, '2021-03-12', '2021-03-18'),
(455, 48, 12, '2021-03-19', '2021-03-25'),
(456, 48, 13, '2021-03-26', '2021-03-31'),
(457, 49, 1, '2021-01-01', '2021-01-07'),
(458, 49, 2, '2021-01-08', '2021-01-14'),
(459, 49, 3, '2021-01-15', '2021-01-21'),
(460, 49, 4, '2021-01-22', '2021-01-28'),
(461, 49, 5, '2021-01-29', '2021-02-04'),
(462, 49, 6, '2021-02-05', '2021-02-11'),
(463, 49, 7, '2021-02-12', '2021-02-18'),
(464, 49, 8, '2021-02-19', '2021-02-25'),
(465, 49, 9, '2021-02-26', '2021-03-04'),
(466, 49, 10, '2021-03-05', '2021-03-11'),
(467, 49, 11, '2021-03-12', '2021-03-18'),
(468, 49, 12, '2021-03-19', '2021-03-25'),
(469, 49, 13, '2021-03-26', '2021-03-31'),
(470, 50, 1, '2021-01-01', '2021-01-07'),
(471, 50, 2, '2021-01-08', '2021-01-14'),
(472, 50, 3, '2021-01-15', '2021-01-21'),
(473, 50, 4, '2021-01-22', '2021-01-28'),
(474, 50, 5, '2021-01-29', '2021-02-04'),
(475, 50, 6, '2021-02-05', '2021-02-11'),
(476, 50, 7, '2021-02-12', '2021-02-18'),
(477, 50, 8, '2021-02-19', '2021-02-25'),
(478, 50, 9, '2021-02-26', '2021-03-04'),
(479, 50, 10, '2021-03-05', '2021-03-11'),
(480, 50, 11, '2021-03-12', '2021-03-18'),
(481, 50, 12, '2021-03-19', '2021-03-25'),
(482, 50, 13, '2021-03-26', '2021-03-31'),
(483, 51, 1, '2021-01-01', '2021-01-07'),
(484, 51, 2, '2021-01-08', '2021-01-14'),
(485, 51, 3, '2021-01-15', '2021-01-21'),
(486, 51, 4, '2021-01-22', '2021-01-28'),
(487, 51, 5, '2021-01-29', '2021-02-04'),
(488, 51, 6, '2021-02-05', '2021-02-11'),
(489, 51, 7, '2021-02-12', '2021-02-18'),
(490, 51, 8, '2021-02-19', '2021-02-25'),
(491, 51, 9, '2021-02-26', '2021-03-04'),
(492, 51, 10, '2021-03-05', '2021-03-11'),
(493, 51, 11, '2021-03-12', '2021-03-18'),
(494, 51, 12, '2021-03-19', '2021-03-25'),
(495, 51, 13, '2021-03-26', '2021-03-31');

-- --------------------------------------------------------

--
-- Table structure for table `carry_forwards`
--

CREATE TABLE `carry_forwards` (
  `CarryFowardId` int(11) NOT NULL,
  `StudentId` int(11) NOT NULL,
  `CarryForwardAmount` int(11) NOT NULL,
  `DateCarriedForward` datetime NOT NULL
) ENGINE=InnoDB DEFAULT CHARSET=latin1;

--
-- Dumping data for table `carry_forwards`
--

INSERT INTO `carry_forwards` (`CarryFowardId`, `StudentId`, `CarryForwardAmount`, `DateCarriedForward`) VALUES
(0, 26, 0, '2020-05-01 00:00:00');

-- --------------------------------------------------------

--
-- Table structure for table `classes`
--

CREATE TABLE `classes` (
  `ClassId` int(11) NOT NULL,
  `LotId` int(11) NOT NULL,
  `ClassStreamId` int(11) NOT NULL,
  `RegisteredDate` datetime NOT NULL
) ENGINE=InnoDB DEFAULT CHARSET=latin1;

--
-- Dumping data for table `classes`
--

INSERT INTO `classes` (`ClassId`, `LotId`, `ClassStreamId`, `RegisteredDate`) VALUES
(1, 1, 1, '2020-04-24 12:33:37'),
(2, 2, 2, '2020-06-04 13:48:01');

-- --------------------------------------------------------

--
-- Table structure for table `class_fee_structures`
--

CREATE TABLE `class_fee_structures` (
  `ClassFeeStructureId` int(11) NOT NULL,
  `FeeStructureId` int(11) NOT NULL,
  `AcademicClassLevelId` int(11) NOT NULL
) ENGINE=InnoDB DEFAULT CHARSET=utf8;

--
-- Dumping data for table `class_fee_structures`
--

INSERT INTO `class_fee_structures` (`ClassFeeStructureId`, `FeeStructureId`, `AcademicClassLevelId`) VALUES
(1, 1, 1);

-- --------------------------------------------------------

--
-- Table structure for table `class_fee_structure_breakdown`
--

CREATE TABLE `class_fee_structure_breakdown` (
  `ClassFeeStructureBreakDownId` int(11) NOT NULL,
  `ClassFeeStructureId` int(11) NOT NULL,
  `StudentResidenceId` int(11) NOT NULL,
  `TermIterationId` int(11) NOT NULL,
  `FeeAmount` int(11) NOT NULL
) ENGINE=InnoDB DEFAULT CHARSET=utf8;

--
-- Dumping data for table `class_fee_structure_breakdown`
--

INSERT INTO `class_fee_structure_breakdown` (`ClassFeeStructureBreakDownId`, `ClassFeeStructureId`, `StudentResidenceId`, `TermIterationId`, `FeeAmount`) VALUES
(4, 1, 2, 2, 30000),
(5, 1, 1, 2, 20000),
(6, 1, 1, 1, 20000),
(7, 1, 1, 3, 5000),
(8, 1, 2, 1, 5000),
(9, 1, 2, 3, 15000);

-- --------------------------------------------------------

--
-- Table structure for table `class_fee_structure_components`
--

CREATE TABLE `class_fee_structure_components` (
  `ClassFeeStructureComponentId` int(11) NOT NULL,
  `ClassFeeStructureId` int(11) NOT NULL,
  `FeeComponentId` int(11) NOT NULL,
  `FeeComponentRatio` double NOT NULL
) ENGINE=InnoDB DEFAULT CHARSET=utf8;

--
-- Dumping data for table `class_fee_structure_components`
--

INSERT INTO `class_fee_structure_components` (`ClassFeeStructureComponentId`, `ClassFeeStructureId`, `FeeComponentId`, `FeeComponentRatio`) VALUES
(1, 1, 1, 30),
(2, 1, 2, 20),
(3, 1, 3, 20);

-- --------------------------------------------------------

--
-- Table structure for table `class_streams`
--

CREATE TABLE `class_streams` (
  `ClassStreamId` int(11) NOT NULL,
  `ClassStreamName` varchar(9000) NOT NULL
) ENGINE=InnoDB DEFAULT CHARSET=latin1;

--
-- Dumping data for table `class_streams`
--

INSERT INTO `class_streams` (`ClassStreamId`, `ClassStreamName`) VALUES
(1, 'Yellow'),
(2, 'Green');

-- --------------------------------------------------------

--
-- Table structure for table `correction_descriptions`
--

CREATE TABLE `correction_descriptions` (
  `CorrectionDescriptionId` int(11) NOT NULL,
  `CorrectionDescription` varchar(200) NOT NULL
) ENGINE=InnoDB DEFAULT CHARSET=latin1;

--
-- Dumping data for table `correction_descriptions`
--

INSERT INTO `correction_descriptions` (`CorrectionDescriptionId`, `CorrectionDescription`) VALUES
(1, 'Wrong student paid for');

-- --------------------------------------------------------

--
-- Table structure for table `fee_components`
--

CREATE TABLE `fee_components` (
  `FeeComponentId` int(11) NOT NULL,
  `FeeComponentDescription` varchar(500) NOT NULL
) ENGINE=InnoDB DEFAULT CHARSET=utf8;

--
-- Dumping data for table `fee_components`
--

INSERT INTO `fee_components` (`FeeComponentId`, `FeeComponentDescription`) VALUES
(1, 'Administration'),
(2, 'PE'),
(3, 'Lunch Scheme'),
(4, 'RMI');

-- --------------------------------------------------------

--
-- Table structure for table `fee_corrections`
--

CREATE TABLE `fee_corrections` (
  `FeeCorrectionId` int(11) NOT NULL,
  `SessionLogId` int(11) NOT NULL,
  `UserSessionActivityId` int(11) NOT NULL,
  `CorrectionDescriptionId` int(11) NOT NULL,
  `StudentId` int(11) NOT NULL,
  `PreviousTermBalance` int(11) NOT NULL,
  `PreviousAnnualBalance` int(11) NOT NULL,
  `PreviousTotal` int(11) NOT NULL,
  `NextTermBalance` int(11) NOT NULL,
  `NextAnnualBalance` int(11) NOT NULL,
  `NextTotal` int(11) NOT NULL,
  `CorrectionDate` datetime NOT NULL
) ENGINE=InnoDB DEFAULT CHARSET=latin1;

--
-- Dumping data for table `fee_corrections`
--

INSERT INTO `fee_corrections` (`FeeCorrectionId`, `SessionLogId`, `UserSessionActivityId`, `CorrectionDescriptionId`, `StudentId`, `PreviousTermBalance`, `PreviousAnnualBalance`, `PreviousTotal`, `NextTermBalance`, `NextAnnualBalance`, `NextTotal`, `CorrectionDate`) VALUES
(0, 156, 161, 1, 26, 0, 0, 0, 0, 0, 0, '2020-05-01 00:00:00');

-- --------------------------------------------------------

--
-- Table structure for table `fee_statements`
--

CREATE TABLE `fee_statements` (
  `FeeStatementId` int(11) NOT NULL,
  `StudentId` int(11) NOT NULL,
  `CurrentYearTotal` int(11) DEFAULT '0',
  `AlternateTotal` int(11) NOT NULL,
  `CurrentTermBalance` int(11) DEFAULT '0',
  `AnnualBalance` int(11) DEFAULT '0',
  `StudentWorth` int(11) DEFAULT '0'
) ENGINE=InnoDB DEFAULT CHARSET=latin1;

--
-- Dumping data for table `fee_statements`
--

INSERT INTO `fee_statements` (`FeeStatementId`, `StudentId`, `CurrentYearTotal`, `AlternateTotal`, `CurrentTermBalance`, `AnnualBalance`, `StudentWorth`) VALUES
(7, 20, 0, 0, 20000, 25000, 0),
(8, 21, 71300, 1000, -41300, -26300, 71300),
(9, 22, 158330, 7800, -138330, -133330, 212330),
(10, 23, 10000, 10000, 10000, 5000, 10000),
(11, 24, 10000, 10000, 10000, 5000, 10000),
(12, 25, 20000, 10000, 0, 5000, 20000),
(13, 27, 0, 0, 0, 0, 0);

-- --------------------------------------------------------

--
-- Table structure for table `fee_structures`
--

CREATE TABLE `fee_structures` (
  `FeeStructureId` int(11) NOT NULL,
  `UserId` int(11) NOT NULL,
  `FeeStructureDescription` varchar(200) NOT NULL,
  `DateCreated` datetime NOT NULL,
  `IsCurrentFeeStructure` int(11) NOT NULL,
  `IsProspect` int(11) NOT NULL
) ENGINE=InnoDB DEFAULT CHARSET=utf8;

--
-- Dumping data for table `fee_structures`
--

INSERT INTO `fee_structures` (`FeeStructureId`, `UserId`, `FeeStructureDescription`, `DateCreated`, `IsCurrentFeeStructure`, `IsProspect`) VALUES
(1, 14, '2018 Fee Structure', '2020-05-05 20:32:17', 1, 0),
(2, 14, '2019 Fee Structure', '2020-05-05 20:41:41', 0, 0),
(3, 14, '2020 Fee Structure', '2020-05-05 20:41:57', 0, 0);

-- --------------------------------------------------------

--
-- Table structure for table `gender`
--

CREATE TABLE `gender` (
  `GenderId` int(11) NOT NULL,
  `GenderDescription` varchar(100) NOT NULL
) ENGINE=InnoDB DEFAULT CHARSET=latin1;

--
-- Dumping data for table `gender`
--

INSERT INTO `gender` (`GenderId`, `GenderDescription`) VALUES
(1, 'Male'),
(2, 'Female');

-- --------------------------------------------------------

--
-- Table structure for table `installments`
--

CREATE TABLE `installments` (
  `InstallmentId` int(11) NOT NULL,
  `StudentId` int(11) NOT NULL,
  `InstallmentAmount` int(11) NOT NULL,
  `InstallmentDate` datetime NOT NULL,
  `IsCarryForward` int(11) NOT NULL,
  `SessionLogId` int(11) NOT NULL,
  `UserSessionActivityId` int(11) NOT NULL,
  `InstallmentYear` year(4) NOT NULL
) ENGINE=InnoDB DEFAULT CHARSET=latin1;

--
-- Dumping data for table `installments`
--

INSERT INTO `installments` (`InstallmentId`, `StudentId`, `InstallmentAmount`, `InstallmentDate`, `IsCarryForward`, `SessionLogId`, `UserSessionActivityId`, `InstallmentYear`) VALUES
(0, 26, 0, '2020-05-01 00:00:00', 0, 156, 161, 2020),
(2, 18, 23000, '2020-05-24 22:54:40', 0, 249, 258, 2020),
(3, 22, 34000, '2020-05-24 22:57:02', 0, 250, 260, 2020),
(4, 23, 10000, '2020-05-25 14:43:09', 0, 253, 265, 2020),
(5, 24, 10000, '2020-05-25 14:49:17', 0, 254, 268, 2020),
(6, 25, 10000, '2020-05-25 15:02:21', 0, 255, 271, 2020),
(7, 21, 12000, '2020-05-01 19:44:47', 0, 256, 273, 2020),
(8, 22, 18000, '2020-05-24 19:48:10', 0, 257, 275, 2020),
(9, 22, 14000, '2020-05-01 20:44:31', 0, 258, 277, 2020),
(11, 22, 22000, '2020-05-25 21:08:30', 0, 259, 279, 2020),
(12, 21, 13300, '2020-05-25 21:10:52', 0, 260, 281, 2020),
(13, 21, 12000, '2020-05-15 15:06:46', 0, 262, 284, 2020),
(14, 22, 13000, '2020-05-02 15:12:41', 0, 263, 286, 2020),
(15, 25, 10000, '2020-05-30 15:14:23', 0, 264, 288, 2020),
(16, 21, 11000, '2020-05-02 15:49:24', 0, 266, 291, 2020),
(17, 21, 11000, '2020-05-08 20:21:02', 0, 267, 293, 2020),
(18, 21, 11000, '2020-05-30 20:39:07', 0, 268, 295, 2020),
(19, 22, 12000, '2020-05-02 21:21:19', 0, 269, 297, 2020),
(20, 22, 1000, '2020-05-07 21:48:45', 0, 270, 299, 2020),
(21, 22, 2000, '2020-05-15 21:55:35', 0, 271, 301, 2020),
(22, 22, 11000, '2020-05-15 22:01:05', 0, 272, 303, 2020),
(23, 22, 13000, '2020-05-30 22:12:31', 0, 273, 305, 2020),
(24, 22, 8000, '2020-05-02 17:55:08', 0, 274, 307, 2020),
(25, 22, 2000, '2020-05-07 17:58:16', 0, 275, 309, 2020),
(26, 22, 1000, '2020-05-02 18:01:51', 0, 276, 311, 2020),
(27, 22, 2000, '2020-05-02 21:01:05', 0, 277, 313, 2020),
(28, 22, 3000, '2020-05-02 21:06:14', 0, 278, 315, 2020),
(29, 22, 1000, '2020-05-02 21:08:48', 0, 279, 317, 2020),
(30, 22, 1000, '2020-05-08 21:11:53', 0, 280, 319, 2020),
(31, 22, 1000, '2020-05-08 21:16:56', 0, 281, 321, 2020),
(32, 22, 1000, '2020-05-15 21:25:15', 0, 282, 323, 2020),
(33, 22, 500, '2020-05-06 21:26:54', 0, 283, 325, 2020),
(34, 22, 500, '2020-05-02 21:29:34', 0, 284, 327, 2020),
(35, 22, 1000, '2020-05-08 21:31:19', 0, 285, 329, 2020),
(36, 22, 500, '2020-05-01 21:33:23', 0, 286, 331, 2020),
(37, 22, 200, '2020-05-02 21:40:16', 0, 287, 333, 2020),
(38, 22, 6730, '2020-05-15 21:42:15', 0, 288, 335, 2020),
(39, 22, 300, '2020-05-31 21:50:26', 0, 289, 337, 2020),
(40, 22, 2000, '2020-06-05 11:53:30', 0, 291, 340, 2020),
(41, 22, 1000, '2020-06-04 12:33:37', 0, 292, 342, 2020),
(42, 22, 1000, '2020-06-05 12:37:31', 0, 293, 344, 2020),
(43, 22, 1000, '2020-06-05 12:47:09', 0, 294, 346, 2020),
(44, 22, 1000, '2020-06-10 12:49:29', 0, 295, 348, 2020),
(45, 22, 1000, '2020-06-08 12:50:44', 0, 296, 350, 2020),
(46, 22, 10000, '2020-06-03 13:40:47', 0, 297, 352, 2020),
(47, 22, 200, '2020-06-03 14:22:06', 0, 298, 354, 2020),
(48, 22, 200, '2020-06-11 14:25:24', 0, 300, 357, 2020),
(49, 22, 100, '2020-06-03 14:28:11', 0, 301, 359, 2020),
(50, 22, 100, '2020-06-04 14:32:06', 0, 302, 361, 2020),
(51, 22, 200, '2020-06-09 16:35:18', 0, 304, 364, 2020),
(52, 22, 5000, '2020-06-10 22:12:55', 0, 356, 417, 2020),
(53, 22, 10000, '2020-06-04 22:32:42', 0, 357, 419, 2020),
(54, 22, 2000, '2020-06-04 22:38:58', 0, 358, 421, 2020),
(55, 22, 7800, '2020-06-01 22:40:42', 0, 359, 423, 2020),
(56, 21, 1000, '2020-06-02 10:01:14', 0, 360, 425, 2020);

-- --------------------------------------------------------

--
-- Table structure for table `lots`
--

CREATE TABLE `lots` (
  `LotId` int(11) NOT NULL,
  `LotDescriptionId` int(11) NOT NULL,
  `AcademicClassLevelId` int(11) NOT NULL,
  `RegisteredDate` datetime NOT NULL
) ENGINE=InnoDB DEFAULT CHARSET=latin1;

--
-- Dumping data for table `lots`
--

INSERT INTO `lots` (`LotId`, `LotDescriptionId`, `AcademicClassLevelId`, `RegisteredDate`) VALUES
(1, 1, 3, '2020-04-24 11:49:21'),
(2, 2, 4, '2020-06-04 13:47:27');

-- --------------------------------------------------------

--
-- Table structure for table `lot_descriptions`
--

CREATE TABLE `lot_descriptions` (
  `LotDescriptionId` int(11) NOT NULL,
  `LotDescription` varchar(9000) NOT NULL
) ENGINE=InnoDB DEFAULT CHARSET=latin1;

--
-- Dumping data for table `lot_descriptions`
--

INSERT INTO `lot_descriptions` (`LotDescriptionId`, `LotDescription`) VALUES
(1, 'Class of 2012'),
(2, 'Class of 2020');

-- --------------------------------------------------------

--
-- Table structure for table `month`
--

CREATE TABLE `month` (
  `MonthId` int(11) NOT NULL,
  `Month` varchar(200) NOT NULL,
  `Sync` varchar(200) NOT NULL
) ENGINE=InnoDB DEFAULT CHARSET=latin1;

--
-- Dumping data for table `month`
--

INSERT INTO `month` (`MonthId`, `Month`, `Sync`) VALUES
(1, 'February', 'Not Synchronised');

-- --------------------------------------------------------

--
-- Table structure for table `roles`
--

CREATE TABLE `roles` (
  `RoleId` int(11) NOT NULL,
  `RoleDescription` varchar(9000) NOT NULL,
  `RoleCode` int(11) NOT NULL
) ENGINE=InnoDB DEFAULT CHARSET=latin1;

--
-- Dumping data for table `roles`
--

INSERT INTO `roles` (`RoleId`, `RoleDescription`, `RoleCode`) VALUES
(1, 'Admin', 1),
(2, 'Bursar', 2);

-- --------------------------------------------------------

--
-- Table structure for table `session_activities`
--

CREATE TABLE `session_activities` (
  `SessionActivityId` int(11) NOT NULL,
  `SessionActivityDescription` varchar(200) NOT NULL
) ENGINE=InnoDB DEFAULT CHARSET=latin1;

--
-- Dumping data for table `session_activities`
--

INSERT INTO `session_activities` (`SessionActivityId`, `SessionActivityDescription`) VALUES
(1, 'Logged into the system'),
(2, 'Registered a student'),
(3, 'Corrected a student\'s personal details'),
(4, 'Registered a fee installment'),
(5, 'Corrected a fee payment'),
(6, 'Deleted a student');

-- --------------------------------------------------------

--
-- Table structure for table `session_logs`
--

CREATE TABLE `session_logs` (
  `SessionLogId` int(11) NOT NULL,
  `UserId` int(11) NOT NULL,
  `SessionStartDate` datetime NOT NULL,
  `SessionEndDate` datetime DEFAULT NULL
) ENGINE=InnoDB DEFAULT CHARSET=latin1;

--
-- Dumping data for table `session_logs`
--

INSERT INTO `session_logs` (`SessionLogId`, `UserId`, `SessionStartDate`, `SessionEndDate`) VALUES
(156, 14, '2020-05-20 19:26:39', '2020-05-20 19:28:32'),
(157, 14, '2020-05-20 19:28:36', '2020-05-20 19:58:19'),
(158, 14, '2020-05-20 19:59:22', '2020-05-20 20:02:39'),
(159, 14, '2020-05-20 20:02:42', '2020-05-20 20:06:35'),
(160, 14, '2020-05-20 20:06:38', '2020-05-22 18:48:38'),
(161, 14, '2020-05-20 20:10:04', '2020-05-22 18:48:38'),
(162, 14, '2020-05-22 18:53:39', '2020-05-22 18:54:01'),
(163, 14, '2020-05-22 18:54:05', '2020-05-22 20:10:06'),
(164, 14, '2020-05-22 20:30:32', '2020-05-22 20:31:22'),
(165, 14, '2020-05-22 20:31:23', '2020-05-22 20:33:00'),
(166, 14, '2020-05-22 20:33:02', '2020-05-22 20:34:02'),
(167, 14, '2020-05-22 20:34:04', '2020-05-22 20:39:10'),
(168, 14, '2020-05-22 20:37:14', '2020-05-22 20:39:10'),
(169, 14, '2020-05-22 20:38:27', '2020-05-22 20:39:10'),
(170, 14, '2020-05-22 20:39:14', '2020-05-22 20:41:25'),
(171, 14, '2020-05-22 20:41:28', '2020-05-22 20:47:48'),
(172, 14, '2020-05-22 20:45:10', '2020-05-22 20:47:48'),
(173, 14, '2020-05-22 20:55:55', '2020-05-22 20:56:26'),
(174, 14, '2020-05-22 20:56:27', '2020-05-22 20:56:56'),
(175, 14, '2020-05-22 20:56:57', '2020-05-22 20:57:33'),
(176, 14, '2020-05-22 20:57:35', '2020-05-22 21:00:23'),
(177, 14, '2020-05-22 21:00:04', '2020-05-22 21:00:23'),
(178, 14, '2020-05-22 21:00:25', '2020-05-22 21:17:08'),
(179, 14, '2020-05-22 21:08:53', '2020-05-22 21:17:08'),
(180, 14, '2020-05-22 21:13:50', '2020-05-22 21:17:08'),
(181, 14, '2020-05-22 21:15:26', '2020-05-22 21:17:08'),
(182, 14, '2020-05-22 21:17:12', '2020-05-22 22:06:50'),
(183, 14, '2020-05-22 21:44:15', '2020-05-22 22:06:50'),
(184, 14, '2020-05-22 22:18:49', '2020-05-22 22:20:02'),
(185, 14, '2020-05-22 22:21:12', '2020-05-22 22:23:47'),
(186, 14, '2020-05-22 22:23:51', '2020-05-22 22:31:31'),
(187, 14, '2020-05-22 22:31:34', '2020-05-22 22:43:44'),
(188, 14, '2020-05-22 23:40:51', '2020-05-22 23:41:47'),
(189, 14, '2020-05-22 23:46:14', '2020-05-22 23:47:23'),
(190, 14, '2020-05-22 23:48:58', '2020-05-22 23:56:33'),
(191, 14, '2020-05-23 11:07:28', '2020-05-23 11:08:28'),
(192, 14, '2020-05-23 11:08:30', '2020-05-23 11:47:59'),
(193, 14, '2020-05-23 11:48:01', '2020-05-23 11:58:28'),
(194, 14, '2020-05-23 12:12:47', '2020-05-23 12:18:25'),
(195, 14, '2020-05-23 12:18:27', '2020-05-23 12:19:37'),
(196, 14, '2020-05-23 12:19:41', '2020-05-23 12:34:17'),
(197, 14, '2020-05-23 12:21:42', '2020-05-23 12:34:17'),
(198, 14, '2020-05-23 12:34:57', '2020-05-23 12:36:02'),
(199, 14, '2020-05-23 12:36:03', '2020-05-23 12:37:37'),
(200, 14, '2020-05-23 12:37:38', '2020-05-23 12:42:44'),
(201, 14, '2020-05-23 12:40:31', '2020-05-23 12:42:44'),
(202, 14, '2020-05-23 12:42:46', '2020-05-23 13:01:31'),
(203, 14, '2020-05-23 12:44:07', '2020-05-23 13:01:31'),
(204, 14, '2020-05-23 12:47:05', '2020-05-23 13:01:31'),
(205, 14, '2020-05-23 13:01:33', '2020-05-23 13:02:28'),
(206, 14, '2020-05-23 13:02:47', '2020-05-23 13:03:38'),
(207, 14, '2020-05-23 13:03:40', '2020-05-23 13:06:48'),
(208, 14, '2020-05-23 13:06:52', '2020-05-23 13:49:17'),
(209, 14, '2020-05-23 13:18:23', '2020-05-23 13:49:17'),
(210, 14, '2020-05-23 13:49:19', '2020-05-23 14:42:01'),
(211, 14, '2020-05-23 14:52:00', '2020-05-23 14:52:49'),
(212, 14, '2020-05-23 14:52:51', '2020-05-23 14:53:14'),
(213, 14, '2020-05-23 14:53:15', '2020-05-23 14:58:14'),
(214, 14, '2020-05-23 15:05:32', '2020-05-23 15:06:56'),
(215, 14, '2020-05-23 15:06:59', '2020-05-23 15:09:15'),
(216, 14, '2020-05-23 15:10:32', '2020-05-23 15:16:08'),
(217, 14, '2020-05-23 15:16:28', '2020-05-23 15:43:37'),
(218, 14, '2020-05-23 15:19:06', '2020-05-23 15:43:37'),
(219, 14, '2020-05-23 15:23:49', '2020-05-23 15:43:37'),
(220, 14, '2020-05-23 15:43:38', '2020-05-23 15:46:24'),
(221, 14, '2020-05-23 15:49:41', '2020-05-23 15:50:05'),
(222, 14, '2020-05-23 15:50:07', '2020-05-23 15:50:49'),
(223, 14, '2020-05-23 15:50:50', '2020-05-23 15:51:58'),
(224, 14, '2020-05-23 15:51:59', '2020-05-23 15:53:38'),
(225, 14, '2020-05-23 15:53:38', '2020-05-23 15:54:00'),
(226, 14, '2020-05-23 15:54:01', '2020-05-23 15:55:48'),
(227, 14, '2020-05-23 15:56:16', '2020-05-23 15:56:52'),
(228, 14, '2020-05-23 15:56:53', '2020-05-23 16:04:42'),
(229, 14, '2020-05-23 16:04:43', '2020-05-23 16:08:52'),
(230, 14, '2020-05-23 16:07:01', '2020-05-23 16:08:52'),
(231, 14, '2020-05-23 16:08:54', '2020-05-23 16:14:02'),
(232, 14, '2020-05-23 16:14:10', '2020-05-23 16:15:38'),
(233, 14, '2020-05-23 16:15:40', '2020-05-23 16:15:57'),
(234, 14, '2020-05-23 16:16:00', '2020-05-23 16:16:18'),
(235, 14, '2020-05-23 16:16:21', '2020-05-23 16:22:57'),
(236, 14, '2020-05-23 16:26:59', '2020-05-23 16:30:15'),
(237, 14, '2020-05-23 16:30:16', '2020-05-23 16:33:15'),
(238, 14, '2020-05-23 16:33:17', '2020-05-23 16:39:32'),
(239, 14, '2020-05-23 16:41:17', '2020-05-23 16:46:42'),
(240, 14, '2020-05-23 16:50:35', '2020-05-23 16:51:54'),
(241, 14, '2020-05-23 16:51:56', '2020-05-23 16:58:20'),
(242, 14, '2020-05-23 16:58:21', '2020-05-23 17:00:26'),
(243, 14, '2020-05-23 17:00:27', '2020-05-23 17:42:24'),
(244, 14, '2020-05-23 17:06:38', '2020-05-23 17:42:24'),
(245, 14, '2020-05-23 17:42:28', '2020-05-23 17:45:26'),
(246, 14, '2020-05-23 17:45:27', '2020-05-24 22:33:34'),
(247, 14, '2020-05-23 17:47:13', '2020-05-24 22:33:34'),
(248, 14, '2020-05-24 22:33:59', '2020-05-24 22:35:51'),
(249, 14, '2020-05-24 22:54:22', '2020-05-24 22:59:35'),
(250, 14, '2020-05-24 22:56:40', '2020-05-24 22:59:35'),
(251, 14, '2020-05-24 22:59:38', '2020-05-25 14:42:18'),
(252, 14, '2020-05-25 14:29:34', '2020-05-25 14:42:18'),
(253, 14, '2020-05-25 14:42:49', '2020-05-25 15:01:30'),
(254, 14, '2020-05-25 14:47:17', '2020-05-25 15:01:30'),
(255, 14, '2020-05-25 15:01:32', '2020-05-25 19:43:20'),
(256, 14, '2020-05-25 19:43:42', '2020-05-25 20:44:03'),
(257, 14, '2020-05-25 19:47:49', '2020-05-25 20:44:03'),
(258, 14, '2020-05-25 20:44:10', '2020-05-25 20:44:59'),
(259, 14, '2020-05-25 21:08:13', '2020-05-25 21:09:53'),
(260, 14, '2020-05-25 21:10:28', '2020-05-25 21:12:07'),
(261, 14, '2020-05-30 12:13:26', '2020-05-30 15:12:15'),
(262, 14, '2020-05-30 15:05:34', '2020-05-30 15:12:15'),
(263, 14, '2020-05-30 15:12:26', '2020-05-30 15:13:47'),
(264, 14, '2020-05-30 15:14:07', '2020-05-30 15:47:44'),
(265, 14, '2020-05-30 15:47:48', '2020-05-30 20:20:42'),
(266, 14, '2020-05-30 15:49:07', '2020-05-30 20:20:42'),
(267, 14, '2020-05-30 20:20:46', '2020-05-30 20:38:08'),
(268, 14, '2020-05-30 20:38:14', '2020-05-30 21:21:00'),
(269, 14, '2020-05-30 21:21:03', '2020-05-30 21:48:19'),
(270, 14, '2020-05-30 21:48:24', '2020-05-30 21:55:15'),
(271, 14, '2020-05-30 21:55:19', '2020-05-30 21:59:59'),
(272, 14, '2020-05-30 22:00:04', '2020-05-30 22:12:11'),
(273, 14, '2020-05-30 22:12:15', '2020-05-31 17:54:46'),
(274, 14, '2020-05-31 17:54:52', '2020-05-31 17:57:58'),
(275, 14, '2020-05-31 17:58:01', '2020-05-31 18:01:30'),
(276, 14, '2020-05-31 18:01:34', '2020-05-31 20:59:43'),
(277, 14, '2020-05-31 20:59:53', '2020-05-31 21:05:48'),
(278, 14, '2020-05-31 21:05:51', '2020-05-31 21:08:29'),
(279, 14, '2020-05-31 21:08:32', '2020-05-31 21:11:32'),
(280, 14, '2020-05-31 21:11:37', '2020-05-31 21:16:39'),
(281, 14, '2020-05-31 21:16:43', '2020-05-31 21:24:59'),
(282, 14, '2020-05-31 21:25:02', '2020-05-31 21:26:37'),
(283, 14, '2020-05-31 21:26:40', '2020-05-31 21:28:14'),
(284, 14, '2020-05-31 21:29:22', '2020-05-31 21:30:55'),
(285, 14, '2020-05-31 21:31:04', '2020-05-31 21:32:24'),
(286, 14, '2020-05-31 21:33:06', '2020-05-31 21:34:24'),
(287, 14, '2020-05-31 21:40:02', '2020-05-31 21:41:19'),
(288, 14, '2020-05-31 21:42:01', '2020-05-31 21:43:46'),
(289, 14, '2020-05-31 21:50:12', '2020-05-31 21:51:27'),
(290, 14, '2020-06-01 11:50:27', '2020-06-01 12:48:06'),
(291, 14, '2020-06-01 11:53:02', '2020-06-01 12:48:06'),
(292, 14, '2020-06-01 12:33:22', '2020-06-01 12:48:06'),
(293, 14, '2020-06-01 12:37:15', '2020-06-01 12:48:06'),
(294, 14, '2020-06-01 12:46:41', '2020-06-01 12:48:06'),
(295, 14, '2020-06-01 12:49:08', '2020-06-01 12:50:06'),
(296, 14, '2020-06-01 12:50:30', '2020-06-01 14:21:03'),
(297, 14, '2020-06-01 13:40:33', '2020-06-01 14:21:03'),
(298, 14, '2020-06-01 14:21:51', '2020-06-01 14:22:55'),
(299, 14, '2020-06-01 14:23:09', '2020-06-01 14:24:35'),
(300, 14, '2020-06-01 14:24:54', '2020-06-01 14:27:13'),
(301, 14, '2020-06-01 14:27:29', '2020-06-01 14:30:47'),
(302, 14, '2020-06-01 14:31:16', '2020-06-01 15:56:39'),
(303, 14, '2020-06-01 16:17:19', '2020-06-01 16:25:41'),
(304, 14, '2020-06-01 16:34:16', '2020-06-01 16:36:11'),
(305, 14, '2020-06-01 17:04:38', '2020-06-01 17:07:36'),
(306, 14, '2020-06-01 17:07:40', '2020-06-01 17:19:46'),
(307, 14, '2020-06-01 17:10:26', '2020-06-01 17:19:46'),
(308, 14, '2020-06-01 17:12:40', '2020-06-01 17:19:46'),
(309, 14, '2020-06-01 17:14:16', '2020-06-01 17:19:46'),
(310, 14, '2020-06-01 17:19:49', '2020-06-01 17:24:20'),
(311, 14, '2020-06-01 17:32:26', '2020-06-01 18:37:56'),
(312, 14, '2020-06-01 17:36:39', '2020-06-01 18:37:56'),
(313, 14, '2020-06-01 17:40:14', '2020-06-01 18:37:56'),
(314, 14, '2020-06-01 18:37:46', '2020-06-01 18:37:56'),
(315, 14, '2020-06-01 18:38:08', '2020-06-01 18:38:35'),
(316, 14, '2020-06-01 18:38:36', '2020-06-01 18:45:11'),
(317, 14, '2020-06-01 18:39:38', '2020-06-01 18:45:11'),
(318, 14, '2020-06-01 18:45:14', '2020-06-01 18:47:13'),
(319, 14, '2020-06-01 18:48:11', '2020-06-01 18:52:42'),
(320, 14, '2020-06-01 18:51:59', '2020-06-01 18:52:42'),
(321, 14, '2020-06-01 18:52:45', '2020-06-01 18:55:54'),
(322, 14, '2020-06-01 18:56:07', '2020-06-01 18:59:28'),
(323, 14, '2020-06-01 18:59:32', '2020-06-01 19:00:19'),
(324, 14, '2020-06-01 19:00:22', '2020-06-01 19:05:13'),
(325, 14, '2020-06-01 19:02:03', '2020-06-01 19:05:13'),
(326, 14, '2020-06-01 19:09:54', '2020-06-01 19:13:31'),
(327, 14, '2020-06-01 19:12:47', '2020-06-01 19:13:31'),
(328, 14, '2020-06-01 19:15:43', '2020-06-01 19:17:29'),
(329, 14, '2020-06-01 19:17:31', '2020-06-01 19:18:26'),
(330, 14, '2020-06-01 19:18:27', '2020-06-01 19:20:25'),
(331, 14, '2020-06-01 19:23:29', '2020-06-01 19:23:57'),
(332, 14, '2020-06-01 19:23:58', '2020-06-01 20:12:26'),
(333, 14, '2020-06-01 20:10:06', '2020-06-01 20:12:26'),
(334, 14, '2020-06-01 20:12:28', '2020-06-01 20:12:56'),
(335, 14, '2020-06-01 20:12:57', '2020-06-01 20:15:42'),
(336, 14, '2020-06-01 20:14:51', '2020-06-01 20:15:42'),
(337, 14, '2020-06-01 20:15:43', '2020-06-01 20:18:12'),
(338, 14, '2020-06-01 20:18:13', '2020-06-01 20:18:39'),
(339, 14, '2020-06-01 20:18:41', '2020-06-01 20:19:45'),
(340, 14, '2020-06-01 20:19:46', '2020-06-01 20:22:28'),
(341, 14, '2020-06-01 20:22:34', '2020-06-01 20:26:51'),
(342, 14, '2020-06-01 20:24:59', '2020-06-01 20:26:51'),
(343, 14, '2020-06-01 20:26:52', '2020-06-01 20:29:39'),
(344, 14, '2020-06-01 20:29:42', '2020-06-01 20:30:39'),
(345, 14, '2020-06-01 20:30:41', '2020-06-01 20:31:07'),
(346, 14, '2020-06-01 20:31:09', '2020-06-01 20:32:34'),
(347, 14, '2020-06-01 20:32:13', '2020-06-01 20:32:34'),
(348, 14, '2020-06-01 20:32:36', '2020-06-01 20:45:17'),
(349, 14, '2020-06-01 20:45:43', '2020-06-01 20:46:27'),
(350, 14, '2020-06-01 20:54:58', '2020-06-01 20:57:30'),
(351, 14, '2020-06-01 20:57:33', '2020-06-01 21:00:12'),
(352, 14, '2020-06-01 21:01:24', '2020-06-01 21:01:40'),
(353, 14, '2020-06-01 21:17:57', '2020-06-01 22:03:36'),
(354, 14, '2020-06-01 21:24:37', '2020-06-01 22:03:36'),
(355, 14, '2020-06-01 21:38:20', '2020-06-01 22:03:36'),
(356, 14, '2020-06-01 22:12:39', '2020-06-01 22:15:28'),
(357, 14, '2020-06-01 22:32:12', '2020-06-01 22:38:24'),
(358, 14, '2020-06-01 22:38:43', '2020-06-01 22:40:07'),
(359, 14, '2020-06-01 22:40:27', '2020-06-01 22:46:32'),
(360, 14, '2020-06-02 10:00:54', '2020-06-02 10:02:47'),
(361, 14, '2020-06-04 13:45:42', '2020-06-04 13:48:30'),
(362, 14, '2020-06-04 13:48:32', '2020-06-05 12:48:02');

-- --------------------------------------------------------

--
-- Table structure for table `students`
--

CREATE TABLE `students` (
  `StudentId` int(11) NOT NULL,
  `AdmissionNo` varchar(200) NOT NULL,
  `StudentName` varchar(200) DEFAULT NULL,
  `GenderId` int(11) NOT NULL,
  `StudentDOB` date NOT NULL,
  `StudentResidenceId` int(11) NOT NULL,
  `ClassId` int(11) DEFAULT NULL,
  `AdmissionDate` datetime NOT NULL,
  `ProfPicName` varchar(900) NOT NULL
) ENGINE=InnoDB DEFAULT CHARSET=latin1;

--
-- Dumping data for table `students`
--

INSERT INTO `students` (`StudentId`, `AdmissionNo`, `StudentName`, `GenderId`, `StudentDOB`, `StudentResidenceId`, `ClassId`, `AdmissionDate`, `ProfPicName`) VALUES
(18, '8032', 'Silas Onyango', 1, '2020-05-07', 1, 1, '2020-05-20 19:59:58', 'male_student.png'),
(19, '630', 'Silas Onyango', 1, '2020-05-20', 1, 1, '2020-05-20 20:03:21', 'male_student.png'),
(20, '8033', 'Silas Onyango', 1, '2020-05-20', 1, 1, '2020-05-20 20:07:03', 'male_student.png'),
(21, '8034', 'Zain Konyango', 1, '2020-05-30', 2, 1, '2020-05-20 20:10:27', 'male_student.png'),
(22, '7878', 'Ezekiel Ombima', 1, '2020-05-07', 1, 1, '2020-05-22 23:49:59', 'male_student.png'),
(23, '9000', 'Ken Aruba', 1, '2020-05-01', 1, 1, '2020-05-25 14:30:38', 'male_student.png'),
(24, '7070', 'Nana Gechaga', 2, '2020-05-01', 1, 1, '2020-05-25 14:47:48', 'female_student.png'),
(25, '6060', 'Mudanyi Kiyangu', 2, '2020-05-01', 1, 1, '2020-05-25 15:02:03', 'female_student.png'),
(26, '0', 'ADMIN_STUDENT', 1, '2020-05-01', 1, 1, '2020-05-01 00:00:00', 'male_student.png'),
(27, '8080', 'Trezer Wanda', 2, '2020-06-04', 1, 2, '2020-06-04 13:48:59', 'female_student.png');

-- --------------------------------------------------------

--
-- Table structure for table `student_fee_components`
--

CREATE TABLE `student_fee_components` (
  `StudentFeeComponentId` int(11) NOT NULL,
  `StudentId` int(11) NOT NULL,
  `ClassFeeStructureComponentId` int(11) NOT NULL,
  `ComponentFeeAmount` int(11) NOT NULL
) ENGINE=InnoDB DEFAULT CHARSET=utf8;

--
-- Dumping data for table `student_fee_components`
--

INSERT INTO `student_fee_components` (`StudentFeeComponentId`, `StudentId`, `ClassFeeStructureComponentId`, `ComponentFeeAmount`) VALUES
(19, 20, 1, 0),
(20, 20, 2, 0),
(21, 20, 3, 0),
(22, 21, 1, 21390),
(23, 21, 2, 14260),
(24, 21, 3, 14260),
(25, 22, 1, 47499),
(26, 22, 2, 31666),
(27, 22, 3, 31666),
(28, 23, 1, 0),
(29, 23, 2, 0),
(30, 23, 3, 0),
(31, 24, 1, 0),
(32, 24, 2, 0),
(33, 24, 3, 0),
(34, 25, 1, 0),
(35, 25, 2, 0),
(36, 25, 3, 0),
(37, 27, 1, 0),
(38, 27, 2, 0),
(39, 27, 3, 0);

-- --------------------------------------------------------

--
-- Table structure for table `student_registration`
--

CREATE TABLE `student_registration` (
  `StudentRegistrationId` int(11) NOT NULL,
  `SessionLogId` int(11) NOT NULL,
  `UserSessionActivityId` int(11) NOT NULL,
  `StudentId` int(11) NOT NULL,
  `StudentRegistrationDate` datetime NOT NULL
) ENGINE=InnoDB DEFAULT CHARSET=latin1;

--
-- Dumping data for table `student_registration`
--

INSERT INTO `student_registration` (`StudentRegistrationId`, `SessionLogId`, `UserSessionActivityId`, `StudentId`, `StudentRegistrationDate`) VALUES
(2, 160, 166, 20, '2020-05-20 20:07:03'),
(3, 161, 168, 21, '2020-05-20 20:10:27'),
(4, 190, 198, 22, '2020-05-22 23:49:59'),
(5, 252, 263, 23, '2020-05-25 14:30:38'),
(6, 254, 267, 24, '2020-05-25 14:47:48'),
(7, 255, 270, 25, '2020-05-25 15:02:03'),
(8, 362, 428, 27, '2020-06-04 13:48:59');

-- --------------------------------------------------------

--
-- Table structure for table `student_residence`
--

CREATE TABLE `student_residence` (
  `StudentResidenceId` int(11) NOT NULL,
  `StudentResidenceDescription` varchar(100) NOT NULL
) ENGINE=InnoDB DEFAULT CHARSET=latin1;

--
-- Dumping data for table `student_residence`
--

INSERT INTO `student_residence` (`StudentResidenceId`, `StudentResidenceDescription`) VALUES
(1, 'Boarder'),
(2, 'Day Scholar');

-- --------------------------------------------------------

--
-- Table structure for table `term_iterations`
--

CREATE TABLE `term_iterations` (
  `TermIterationId` int(11) NOT NULL,
  `TermIterationDescription` varchar(9000) NOT NULL
) ENGINE=InnoDB DEFAULT CHARSET=latin1;

--
-- Dumping data for table `term_iterations`
--

INSERT INTO `term_iterations` (`TermIterationId`, `TermIterationDescription`) VALUES
(1, 'Term One'),
(2, 'Term Two'),
(3, 'Term Three');

-- --------------------------------------------------------

--
-- Table structure for table `transactions`
--

CREATE TABLE `transactions` (
  `TransactionId` int(11) NOT NULL,
  `SessionLogId` int(11) NOT NULL,
  `UserSessionActivityId` int(11) NOT NULL,
  `TransactionDescriptionId` int(11) NOT NULL,
  `StudentId` int(11) NOT NULL,
  `InstallmentId` int(11) DEFAULT NULL,
  `CarryFowardId` int(11) DEFAULT NULL,
  `FeeCorrectionId` int(11) DEFAULT NULL,
  `PreviousTermBalance` int(11) NOT NULL,
  `PreviousAnnualBalance` int(11) NOT NULL,
  `PreviousTotal` int(11) NOT NULL,
  `NextTermBalance` int(11) NOT NULL,
  `NextAnnualBalance` int(11) NOT NULL,
  `NextTotal` int(11) NOT NULL,
  `TransactionDate` datetime NOT NULL
) ENGINE=InnoDB DEFAULT CHARSET=latin1;

--
-- Dumping data for table `transactions`
--

INSERT INTO `transactions` (`TransactionId`, `SessionLogId`, `UserSessionActivityId`, `TransactionDescriptionId`, `StudentId`, `InstallmentId`, `CarryFowardId`, `FeeCorrectionId`, `PreviousTermBalance`, `PreviousAnnualBalance`, `PreviousTotal`, `NextTermBalance`, `NextAnnualBalance`, `NextTotal`, `TransactionDate`) VALUES
(4, 260, 281, 1, 21, 12, 0, 0, 18000, 33000, 12000, 4700, 19700, 25300, '2020-05-25 21:10:52'),
(5, 262, 284, 1, 21, 13, 0, 0, 4700, 19700, 25300, -7300, 7700, 37300, '2020-05-30 15:06:46'),
(6, 263, 286, 1, 22, 14, 0, 0, -14000, -43000, 34000, -27000, -22000, 47000, '2020-05-30 15:12:41'),
(7, 264, 288, 1, 25, 15, 0, 0, 10000, 15000, 10000, 0, 5000, 20000, '2020-05-30 15:14:23'),
(8, 266, 291, 1, 21, 16, 0, 0, -7300, 7700, 37300, -18300, -3300, 48300, '2020-05-30 15:49:24'),
(9, 267, 293, 1, 21, 17, 0, 0, -18300, -3300, 48300, -29300, -14300, 59300, '2020-05-30 20:21:02'),
(10, 268, 295, 1, 21, 18, 0, 0, -29300, -14300, 59300, -40300, -25300, 70300, '2020-05-30 20:39:07'),
(11, 269, 297, 1, 22, 19, 0, 0, -27000, -22000, 47000, -39000, -34000, 59000, '2020-05-30 21:21:19'),
(12, 270, 299, 1, 22, 20, 0, 0, -39000, -34000, 59000, -40000, -35000, 60000, '2020-05-30 21:48:45'),
(13, 271, 301, 1, 22, 21, 0, 0, -40000, -35000, 60000, -42000, -37000, 62000, '2020-05-30 21:55:35'),
(14, 272, 303, 1, 22, 22, 0, 0, -42000, -37000, 62000, -53000, -48000, 73000, '2020-05-30 22:01:05'),
(15, 273, 305, 1, 22, 23, 0, 0, -53000, -48000, 73000, -66000, -61000, 86000, '2020-05-30 22:12:31'),
(16, 274, 307, 1, 22, 24, 0, 0, -66000, -61000, 86000, -74000, -69000, 94000, '2020-05-31 17:55:08'),
(17, 275, 309, 1, 22, 25, 0, 0, -74000, -69000, 94000, -76000, -71000, 96000, '2020-05-31 17:58:16'),
(18, 276, 311, 1, 22, 26, 0, 0, -76000, -71000, 96000, -77000, -72000, 97000, '2020-05-31 18:01:51'),
(19, 277, 313, 1, 22, 27, 0, 0, -77000, -72000, 97000, -79000, -74000, 99000, '2020-05-31 21:01:05'),
(20, 278, 315, 1, 22, 28, 0, 0, -79000, -74000, 99000, -82000, -77000, 102000, '2020-05-31 21:06:14'),
(21, 279, 317, 1, 22, 29, 0, 0, -82000, -77000, 102000, -83000, -78000, 103000, '2020-05-31 21:08:48'),
(22, 280, 319, 1, 22, 30, 0, 0, -83000, -78000, 103000, -84000, -79000, 104000, '2020-05-31 21:11:53'),
(23, 281, 321, 1, 22, 31, 0, 0, -84000, -79000, 104000, -85000, -80000, 105000, '2020-05-31 21:16:56'),
(24, 282, 323, 1, 22, 32, 0, 0, -85000, -80000, 105000, -86000, -81000, 106000, '2020-05-31 21:25:15'),
(25, 283, 325, 1, 22, 33, 0, 0, -86000, -81000, 106000, -86500, -81500, 106500, '2020-05-31 21:26:54'),
(26, 284, 327, 1, 22, 34, 0, 0, -86500, -81500, 106500, -87000, -82000, 107000, '2020-05-31 21:29:35'),
(27, 285, 329, 1, 22, 35, 0, 0, -87000, -82000, 107000, -88000, -83000, 108000, '2020-05-31 21:31:19'),
(28, 286, 331, 1, 22, 36, 0, 0, -88000, -83000, 108000, -88500, -83500, 108500, '2020-05-31 21:33:23'),
(29, 287, 333, 1, 22, 37, 0, 0, -88500, -83500, 108500, -88700, -83700, 108700, '2020-05-31 21:40:16'),
(30, 288, 335, 1, 22, 38, 0, 0, -88700, -83700, 108700, -95430, -90430, 115430, '2020-05-31 21:42:15'),
(31, 289, 337, 1, 22, 39, 0, 0, -95430, -90430, 115430, -95730, -90730, 115730, '2020-05-31 21:50:26'),
(32, 291, 340, 1, 22, 40, 0, 0, -95730, -90730, 115730, -97730, -92730, 117730, '2020-06-01 11:53:30'),
(33, 292, 342, 1, 22, 41, 0, 0, -97730, -92730, 117730, -98730, -93730, 118730, '2020-06-01 12:33:37'),
(34, 293, 344, 1, 22, 42, 0, 0, -98730, -93730, 118730, -99730, -94730, 119730, '2020-06-01 12:37:31'),
(35, 294, 346, 1, 22, 43, 0, 0, -99730, -94730, 119730, -100730, -95730, 120730, '2020-06-01 12:47:10'),
(36, 295, 348, 1, 22, 44, 0, 0, -100730, -95730, 120730, -101730, -96730, 121730, '2020-06-01 12:49:29'),
(37, 296, 350, 1, 22, 45, 0, 0, -101730, -96730, 121730, -102730, -97730, 122730, '2020-06-01 12:50:44'),
(38, 297, 352, 1, 22, 46, 0, 0, -102730, -97730, 122730, -112730, -107730, 132730, '2020-06-01 13:40:47'),
(39, 298, 354, 1, 22, 47, 0, 0, -112730, -107730, 132730, -112930, -107930, 132930, '2020-06-01 14:22:06'),
(40, 300, 357, 1, 22, 48, 0, 0, -112930, -107930, 132930, -113130, -108130, 133130, '2020-06-01 14:25:24'),
(41, 301, 359, 1, 22, 49, 0, 0, -113130, -108130, 133130, -113230, -108230, 133230, '2020-06-01 14:28:11'),
(42, 302, 361, 1, 22, 50, 0, 0, -113230, -108230, 133230, -113330, -108330, 133330, '2020-06-01 14:32:06'),
(43, 304, 364, 1, 22, 51, 0, 0, -113330, -108330, 133330, -113530, -108530, 133530, '2020-06-01 16:35:18'),
(44, 356, 417, 1, 22, 52, 0, 0, -113530, -108530, 133530, -118530, -113530, 138530, '2020-06-01 22:12:55'),
(45, 357, 419, 1, 22, 53, 0, 0, -118530, -113530, 138530, -128530, -123530, 148530, '2020-06-01 22:32:43'),
(46, 358, 421, 1, 22, 54, 0, 0, -128530, -123530, 148530, -130530, -125530, 150530, '2020-06-01 22:38:58'),
(47, 359, 423, 1, 22, 55, 0, 0, -130530, -125530, 150530, -138330, -133330, 158330, '2020-06-01 22:40:42'),
(48, 360, 425, 1, 21, 56, 0, 0, -40300, -25300, 70300, -41300, -26300, 71300, '2020-06-02 10:01:14');

-- --------------------------------------------------------

--
-- Table structure for table `transaction_descriptions`
--

CREATE TABLE `transaction_descriptions` (
  `TransactionDescriptionId` int(11) NOT NULL,
  `TransactionDescription` varchar(200) NOT NULL
) ENGINE=InnoDB DEFAULT CHARSET=latin1;

--
-- Dumping data for table `transaction_descriptions`
--

INSERT INTO `transaction_descriptions` (`TransactionDescriptionId`, `TransactionDescription`) VALUES
(1, 'Register a fee installment'),
(2, 'Fee correction'),
(3, 'An end of term carry forward'),
(4, 'An end of year carry forward');

-- --------------------------------------------------------

--
-- Table structure for table `users`
--

CREATE TABLE `users` (
  `UserId` int(11) NOT NULL,
  `Name` varchar(50) NOT NULL,
  `Email` varchar(100) NOT NULL,
  `GenderId` int(11) NOT NULL,
  `EncryptedPassword` varchar(9000) NOT NULL,
  `RegisteredDate` datetime NOT NULL
) ENGINE=InnoDB DEFAULT CHARSET=latin1;

--
-- Dumping data for table `users`
--

INSERT INTO `users` (`UserId`, `Name`, `Email`, `GenderId`, `EncryptedPassword`, `RegisteredDate`) VALUES
(14, 'Silas Onyango', 'silas.onyango93@gmail.com', 1, '$2a$10$UZivdFuxJ7hQBLosU.1TSOjg4j84dHZHFcp865mL4tjNqpDn7rCcC', '2020-04-18 08:54:09'),
(15, 'Hazel Afandi', 'hazel@gmail.com', 2, '$2a$10$sJ1/JzruYT0lObcxGf4mGOPyZCEk3ZP6f6V.Mu5A8CiOeNrklFEVC', '2020-04-19 14:23:02'),
(16, 'Ezekiel Ombima', 'ezekiel@gmail.com', 1, '$2a$10$mNCrph9358v4p3mO2my4T.18BZJ70Xu8/L1BdGMr7.2n8z5JqxdyO', '2020-04-22 18:24:55');

-- --------------------------------------------------------

--
-- Table structure for table `user_access_privileges`
--

CREATE TABLE `user_access_privileges` (
  `UserAccessPrivilegeId` int(11) NOT NULL,
  `UserRoleId` int(11) NOT NULL,
  `AccessPrivilegeId` int(11) NOT NULL,
  `PermisionStatus` int(11) NOT NULL
) ENGINE=InnoDB DEFAULT CHARSET=latin1;

--
-- Dumping data for table `user_access_privileges`
--

INSERT INTO `user_access_privileges` (`UserAccessPrivilegeId`, `UserRoleId`, `AccessPrivilegeId`, `PermisionStatus`) VALUES
(29, 19, 1, 1),
(30, 19, 2, 1),
(31, 19, 3, 0),
(32, 19, 4, 0),
(33, 19, 5, 0),
(34, 19, 6, 0),
(35, 20, 1, 1),
(36, 20, 2, 1),
(37, 20, 3, 0),
(38, 20, 4, 1),
(39, 20, 5, 0),
(40, 20, 6, 0),
(41, 21, 1, 0),
(42, 21, 2, 0),
(43, 21, 3, 0),
(44, 21, 4, 0),
(45, 21, 5, 0),
(46, 21, 6, 0),
(47, 22, 1, 0),
(48, 22, 2, 0),
(49, 22, 3, 0),
(50, 22, 4, 0),
(51, 22, 5, 0),
(52, 22, 6, 0),
(53, 23, 1, 0),
(54, 23, 2, 0),
(55, 23, 3, 0),
(56, 23, 4, 0),
(57, 23, 5, 0),
(58, 23, 6, 0),
(59, 24, 1, 0),
(60, 24, 2, 0),
(61, 24, 3, 0),
(62, 24, 4, 0),
(63, 24, 5, 0),
(64, 24, 6, 0);

-- --------------------------------------------------------

--
-- Table structure for table `user_roles`
--

CREATE TABLE `user_roles` (
  `UserRoleId` int(11) NOT NULL,
  `UserId` int(11) NOT NULL,
  `RoleId` int(11) NOT NULL,
  `ConfirmationStatus` int(11) NOT NULL
) ENGINE=InnoDB DEFAULT CHARSET=latin1;

--
-- Dumping data for table `user_roles`
--

INSERT INTO `user_roles` (`UserRoleId`, `UserId`, `RoleId`, `ConfirmationStatus`) VALUES
(19, 14, 1, 1),
(20, 14, 2, 1),
(21, 15, 1, 0),
(22, 15, 2, 0),
(23, 16, 1, 0),
(24, 16, 2, 0);

-- --------------------------------------------------------

--
-- Table structure for table `user_session_activities`
--

CREATE TABLE `user_session_activities` (
  `UserSessionActivityId` int(11) NOT NULL,
  `SessionLogId` int(11) NOT NULL,
  `SessionActivityId` int(11) NOT NULL,
  `SessionActivityDate` datetime NOT NULL
) ENGINE=InnoDB DEFAULT CHARSET=latin1;

--
-- Dumping data for table `user_session_activities`
--

INSERT INTO `user_session_activities` (`UserSessionActivityId`, `SessionLogId`, `SessionActivityId`, `SessionActivityDate`) VALUES
(161, 156, 1, '2020-05-20 19:26:39'),
(162, 157, 1, '2020-05-20 19:28:36'),
(163, 158, 1, '2020-05-20 19:59:22'),
(164, 159, 1, '2020-05-20 20:02:42'),
(165, 160, 1, '2020-05-20 20:06:38'),
(166, 160, 2, '2020-05-20 20:07:03'),
(167, 161, 1, '2020-05-20 20:10:04'),
(168, 161, 2, '2020-05-20 20:10:27'),
(169, 162, 1, '2020-05-22 18:53:39'),
(170, 163, 1, '2020-05-22 18:54:05'),
(171, 164, 1, '2020-05-22 20:30:32'),
(172, 165, 1, '2020-05-22 20:31:23'),
(173, 166, 1, '2020-05-22 20:33:02'),
(174, 167, 1, '2020-05-22 20:34:04'),
(175, 168, 1, '2020-05-22 20:37:14'),
(176, 169, 1, '2020-05-22 20:38:27'),
(177, 170, 1, '2020-05-22 20:39:14'),
(178, 171, 1, '2020-05-22 20:41:28'),
(179, 172, 1, '2020-05-22 20:45:10'),
(180, 173, 1, '2020-05-22 20:55:55'),
(181, 174, 1, '2020-05-22 20:56:27'),
(182, 175, 1, '2020-05-22 20:56:57'),
(183, 176, 1, '2020-05-22 20:57:35'),
(184, 177, 1, '2020-05-22 21:00:04'),
(185, 178, 1, '2020-05-22 21:00:25'),
(186, 179, 1, '2020-05-22 21:08:53'),
(187, 180, 1, '2020-05-22 21:13:50'),
(188, 181, 1, '2020-05-22 21:15:26'),
(189, 182, 1, '2020-05-22 21:17:12'),
(190, 183, 1, '2020-05-22 21:44:15'),
(191, 184, 1, '2020-05-22 22:18:49'),
(192, 185, 1, '2020-05-22 22:21:12'),
(193, 186, 1, '2020-05-22 22:23:51'),
(194, 187, 1, '2020-05-22 22:31:34'),
(195, 188, 1, '2020-05-22 23:40:51'),
(196, 189, 1, '2020-05-22 23:46:14'),
(197, 190, 1, '2020-05-22 23:48:58'),
(198, 190, 2, '2020-05-22 23:49:59'),
(199, 191, 1, '2020-05-23 11:07:28'),
(200, 192, 1, '2020-05-23 11:08:30'),
(201, 193, 1, '2020-05-23 11:48:01'),
(202, 194, 1, '2020-05-23 12:12:47'),
(203, 195, 1, '2020-05-23 12:18:27'),
(204, 196, 1, '2020-05-23 12:19:41'),
(205, 197, 1, '2020-05-23 12:21:42'),
(206, 198, 1, '2020-05-23 12:34:57'),
(207, 199, 1, '2020-05-23 12:36:03'),
(208, 200, 1, '2020-05-23 12:37:38'),
(209, 201, 1, '2020-05-23 12:40:31'),
(210, 202, 1, '2020-05-23 12:42:46'),
(211, 203, 1, '2020-05-23 12:44:07'),
(212, 204, 1, '2020-05-23 12:47:05'),
(213, 205, 1, '2020-05-23 13:01:33'),
(214, 206, 1, '2020-05-23 13:02:47'),
(215, 207, 1, '2020-05-23 13:03:40'),
(216, 208, 1, '2020-05-23 13:06:52'),
(217, 209, 1, '2020-05-23 13:18:23'),
(218, 210, 1, '2020-05-23 13:49:19'),
(219, 211, 1, '2020-05-23 14:52:00'),
(220, 212, 1, '2020-05-23 14:52:51'),
(221, 213, 1, '2020-05-23 14:53:15'),
(222, 214, 1, '2020-05-23 15:05:32'),
(223, 215, 1, '2020-05-23 15:06:59'),
(224, 216, 1, '2020-05-23 15:10:32'),
(225, 217, 1, '2020-05-23 15:16:28'),
(226, 218, 1, '2020-05-23 15:19:06'),
(227, 219, 1, '2020-05-23 15:23:49'),
(228, 220, 1, '2020-05-23 15:43:38'),
(229, 221, 1, '2020-05-23 15:49:41'),
(230, 222, 1, '2020-05-23 15:50:07'),
(231, 223, 1, '2020-05-23 15:50:50'),
(232, 224, 1, '2020-05-23 15:51:59'),
(233, 225, 1, '2020-05-23 15:53:38'),
(234, 226, 1, '2020-05-23 15:54:01'),
(235, 227, 1, '2020-05-23 15:56:16'),
(236, 228, 1, '2020-05-23 15:56:53'),
(237, 229, 1, '2020-05-23 16:04:43'),
(238, 230, 1, '2020-05-23 16:07:01'),
(239, 231, 1, '2020-05-23 16:08:54'),
(240, 232, 1, '2020-05-23 16:14:10'),
(241, 233, 1, '2020-05-23 16:15:40'),
(242, 234, 1, '2020-05-23 16:16:00'),
(243, 235, 1, '2020-05-23 16:16:21'),
(244, 236, 1, '2020-05-23 16:26:59'),
(245, 237, 1, '2020-05-23 16:30:16'),
(246, 238, 1, '2020-05-23 16:33:17'),
(247, 239, 1, '2020-05-23 16:41:17'),
(248, 240, 1, '2020-05-23 16:50:35'),
(249, 241, 1, '2020-05-23 16:51:56'),
(250, 242, 1, '2020-05-23 16:58:21'),
(251, 243, 1, '2020-05-23 17:00:27'),
(252, 244, 1, '2020-05-23 17:06:38'),
(253, 245, 1, '2020-05-23 17:42:28'),
(254, 246, 1, '2020-05-23 17:45:27'),
(255, 247, 1, '2020-05-23 17:47:13'),
(256, 248, 1, '2020-05-24 22:33:59'),
(257, 249, 1, '2020-05-24 22:54:22'),
(258, 249, 4, '2020-05-24 22:54:40'),
(259, 250, 1, '2020-05-24 22:56:40'),
(260, 250, 4, '2020-05-24 22:57:02'),
(261, 251, 1, '2020-05-24 22:59:38'),
(262, 252, 1, '2020-05-25 14:29:34'),
(263, 252, 2, '2020-05-25 14:30:38'),
(264, 253, 1, '2020-05-25 14:42:49'),
(265, 253, 4, '2020-05-25 14:43:09'),
(266, 254, 1, '2020-05-25 14:47:17'),
(267, 254, 2, '2020-05-25 14:47:48'),
(268, 254, 4, '2020-05-25 14:49:17'),
(269, 255, 1, '2020-05-25 15:01:32'),
(270, 255, 2, '2020-05-25 15:02:03'),
(271, 255, 4, '2020-05-25 15:02:21'),
(272, 256, 1, '2020-05-25 19:43:42'),
(273, 256, 4, '2020-05-25 19:44:47'),
(274, 257, 1, '2020-05-25 19:47:49'),
(275, 257, 4, '2020-05-25 19:48:10'),
(276, 258, 1, '2020-05-25 20:44:10'),
(277, 258, 4, '2020-05-25 20:44:31'),
(278, 259, 1, '2020-05-25 21:08:13'),
(279, 259, 4, '2020-05-25 21:08:30'),
(280, 260, 1, '2020-05-25 21:10:28'),
(281, 260, 4, '2020-05-25 21:10:52'),
(282, 261, 1, '2020-05-30 12:13:26'),
(283, 262, 1, '2020-05-30 15:05:34'),
(284, 262, 4, '2020-05-30 15:06:46'),
(285, 263, 1, '2020-05-30 15:12:26'),
(286, 263, 4, '2020-05-30 15:12:41'),
(287, 264, 1, '2020-05-30 15:14:07'),
(288, 264, 4, '2020-05-30 15:14:23'),
(289, 265, 1, '2020-05-30 15:47:48'),
(290, 266, 1, '2020-05-30 15:49:07'),
(291, 266, 4, '2020-05-30 15:49:24'),
(292, 267, 1, '2020-05-30 20:20:46'),
(293, 267, 4, '2020-05-30 20:21:02'),
(294, 268, 1, '2020-05-30 20:38:14'),
(295, 268, 4, '2020-05-30 20:39:07'),
(296, 269, 1, '2020-05-30 21:21:03'),
(297, 269, 4, '2020-05-30 21:21:19'),
(298, 270, 1, '2020-05-30 21:48:24'),
(299, 270, 4, '2020-05-30 21:48:45'),
(300, 271, 1, '2020-05-30 21:55:19'),
(301, 271, 4, '2020-05-30 21:55:35'),
(302, 272, 1, '2020-05-30 22:00:04'),
(303, 272, 4, '2020-05-30 22:01:05'),
(304, 273, 1, '2020-05-30 22:12:15'),
(305, 273, 4, '2020-05-30 22:12:31'),
(306, 274, 1, '2020-05-31 17:54:52'),
(307, 274, 4, '2020-05-31 17:55:08'),
(308, 275, 1, '2020-05-31 17:58:01'),
(309, 275, 4, '2020-05-31 17:58:16'),
(310, 276, 1, '2020-05-31 18:01:34'),
(311, 276, 4, '2020-05-31 18:01:51'),
(312, 277, 1, '2020-05-31 20:59:53'),
(313, 277, 4, '2020-05-31 21:01:05'),
(314, 278, 1, '2020-05-31 21:05:51'),
(315, 278, 4, '2020-05-31 21:06:14'),
(316, 279, 1, '2020-05-31 21:08:32'),
(317, 279, 4, '2020-05-31 21:08:48'),
(318, 280, 1, '2020-05-31 21:11:37'),
(319, 280, 4, '2020-05-31 21:11:53'),
(320, 281, 1, '2020-05-31 21:16:43'),
(321, 281, 4, '2020-05-31 21:16:56'),
(322, 282, 1, '2020-05-31 21:25:02'),
(323, 282, 4, '2020-05-31 21:25:15'),
(324, 283, 1, '2020-05-31 21:26:40'),
(325, 283, 4, '2020-05-31 21:26:54'),
(326, 284, 1, '2020-05-31 21:29:22'),
(327, 284, 4, '2020-05-31 21:29:34'),
(328, 285, 1, '2020-05-31 21:31:04'),
(329, 285, 4, '2020-05-31 21:31:19'),
(330, 286, 1, '2020-05-31 21:33:06'),
(331, 286, 4, '2020-05-31 21:33:23'),
(332, 287, 1, '2020-05-31 21:40:02'),
(333, 287, 4, '2020-05-31 21:40:16'),
(334, 288, 1, '2020-05-31 21:42:01'),
(335, 288, 4, '2020-05-31 21:42:15'),
(336, 289, 1, '2020-05-31 21:50:12'),
(337, 289, 4, '2020-05-31 21:50:26'),
(338, 290, 1, '2020-06-01 11:50:27'),
(339, 291, 1, '2020-06-01 11:53:02'),
(340, 291, 4, '2020-06-01 11:53:30'),
(341, 292, 1, '2020-06-01 12:33:22'),
(342, 292, 4, '2020-06-01 12:33:37'),
(343, 293, 1, '2020-06-01 12:37:15'),
(344, 293, 4, '2020-06-01 12:37:31'),
(345, 294, 1, '2020-06-01 12:46:41'),
(346, 294, 4, '2020-06-01 12:47:09'),
(347, 295, 1, '2020-06-01 12:49:08'),
(348, 295, 4, '2020-06-01 12:49:29'),
(349, 296, 1, '2020-06-01 12:50:30'),
(350, 296, 4, '2020-06-01 12:50:44'),
(351, 297, 1, '2020-06-01 13:40:33'),
(352, 297, 4, '2020-06-01 13:40:47'),
(353, 298, 1, '2020-06-01 14:21:51'),
(354, 298, 4, '2020-06-01 14:22:06'),
(355, 299, 1, '2020-06-01 14:23:09'),
(356, 300, 1, '2020-06-01 14:24:54'),
(357, 300, 4, '2020-06-01 14:25:24'),
(358, 301, 1, '2020-06-01 14:27:29'),
(359, 301, 4, '2020-06-01 14:28:11'),
(360, 302, 1, '2020-06-01 14:31:16'),
(361, 302, 4, '2020-06-01 14:32:06'),
(362, 303, 1, '2020-06-01 16:17:19'),
(363, 304, 1, '2020-06-01 16:34:16'),
(364, 304, 4, '2020-06-01 16:35:18'),
(365, 305, 1, '2020-06-01 17:04:38'),
(366, 306, 1, '2020-06-01 17:07:40'),
(367, 307, 1, '2020-06-01 17:10:26'),
(368, 308, 1, '2020-06-01 17:12:40'),
(369, 309, 1, '2020-06-01 17:14:16'),
(370, 310, 1, '2020-06-01 17:19:49'),
(371, 311, 1, '2020-06-01 17:32:26'),
(372, 312, 1, '2020-06-01 17:36:39'),
(373, 313, 1, '2020-06-01 17:40:14'),
(374, 314, 1, '2020-06-01 18:37:46'),
(375, 315, 1, '2020-06-01 18:38:08'),
(376, 316, 1, '2020-06-01 18:38:36'),
(377, 317, 1, '2020-06-01 18:39:38'),
(378, 318, 1, '2020-06-01 18:45:14'),
(379, 319, 1, '2020-06-01 18:48:11'),
(380, 320, 1, '2020-06-01 18:51:59'),
(381, 321, 1, '2020-06-01 18:52:45'),
(382, 322, 1, '2020-06-01 18:56:07'),
(383, 323, 1, '2020-06-01 18:59:32'),
(384, 324, 1, '2020-06-01 19:00:22'),
(385, 325, 1, '2020-06-01 19:02:03'),
(386, 326, 1, '2020-06-01 19:09:54'),
(387, 327, 1, '2020-06-01 19:12:47'),
(388, 328, 1, '2020-06-01 19:15:43'),
(389, 329, 1, '2020-06-01 19:17:31'),
(390, 330, 1, '2020-06-01 19:18:27'),
(391, 331, 1, '2020-06-01 19:23:29'),
(392, 332, 1, '2020-06-01 19:23:58'),
(393, 333, 1, '2020-06-01 20:10:06'),
(394, 334, 1, '2020-06-01 20:12:28'),
(395, 335, 1, '2020-06-01 20:12:57'),
(396, 336, 1, '2020-06-01 20:14:51'),
(397, 337, 1, '2020-06-01 20:15:43'),
(398, 338, 1, '2020-06-01 20:18:13'),
(399, 339, 1, '2020-06-01 20:18:41'),
(400, 340, 1, '2020-06-01 20:19:46'),
(401, 341, 1, '2020-06-01 20:22:34'),
(402, 342, 1, '2020-06-01 20:24:59'),
(403, 343, 1, '2020-06-01 20:26:52'),
(404, 344, 1, '2020-06-01 20:29:42'),
(405, 345, 1, '2020-06-01 20:30:41'),
(406, 346, 1, '2020-06-01 20:31:09'),
(407, 347, 1, '2020-06-01 20:32:13'),
(408, 348, 1, '2020-06-01 20:32:36'),
(409, 349, 1, '2020-06-01 20:45:43'),
(410, 350, 1, '2020-06-01 20:54:58'),
(411, 351, 1, '2020-06-01 20:57:33'),
(412, 352, 1, '2020-06-01 21:01:24'),
(413, 353, 1, '2020-06-01 21:17:57'),
(414, 354, 1, '2020-06-01 21:24:37'),
(415, 355, 1, '2020-06-01 21:38:20'),
(416, 356, 1, '2020-06-01 22:12:39'),
(417, 356, 4, '2020-06-01 22:12:55'),
(418, 357, 1, '2020-06-01 22:32:12'),
(419, 357, 4, '2020-06-01 22:32:42'),
(420, 358, 1, '2020-06-01 22:38:43'),
(421, 358, 4, '2020-06-01 22:38:58'),
(422, 359, 1, '2020-06-01 22:40:27'),
(423, 359, 4, '2020-06-01 22:40:42'),
(424, 360, 1, '2020-06-02 10:00:54'),
(425, 360, 4, '2020-06-02 10:01:14'),
(426, 361, 1, '2020-06-04 13:45:42'),
(427, 362, 1, '2020-06-04 13:48:32'),
(428, 362, 2, '2020-06-04 13:48:59');

-- --------------------------------------------------------

--
-- Table structure for table `week_iterations`
--

CREATE TABLE `week_iterations` (
  `WeekIterationId` int(11) NOT NULL,
  `WeekIterationDescription` varchar(9000) NOT NULL
) ENGINE=InnoDB DEFAULT CHARSET=latin1;

--
-- Dumping data for table `week_iterations`
--

INSERT INTO `week_iterations` (`WeekIterationId`, `WeekIterationDescription`) VALUES
(1, 'Week 1'),
(2, 'Week 2'),
(3, 'Week 3'),
(4, 'Week 4'),
(5, 'Week 5'),
(6, 'Week 6'),
(7, 'Week 7'),
(8, 'Week 8'),
(9, 'Week 9'),
(10, 'Week 10'),
(11, 'Week 11'),
(12, 'Week 12'),
(13, 'Week 13'),
(14, 'Week 14');

--
-- Indexes for dumped tables
--

--
-- Indexes for table `academic_class_levels`
--
ALTER TABLE `academic_class_levels`
  ADD PRIMARY KEY (`AcademicClassLevelId`);

--
-- Indexes for table `access_privileges`
--
ALTER TABLE `access_privileges`
  ADD PRIMARY KEY (`AccessPrivilegeId`);

--
-- Indexes for table `actual_terms`
--
ALTER TABLE `actual_terms`
  ADD PRIMARY KEY (`TermId`),
  ADD KEY `TermIterationId` (`TermIterationId`);

--
-- Indexes for table `actual_weeks`
--
ALTER TABLE `actual_weeks`
  ADD PRIMARY KEY (`ActualWeekId`),
  ADD KEY `TermId` (`TermId`),
  ADD KEY `WeekIterationId` (`WeekIterationId`);

--
-- Indexes for table `carry_forwards`
--
ALTER TABLE `carry_forwards`
  ADD PRIMARY KEY (`CarryFowardId`),
  ADD KEY `StudentId` (`StudentId`);

--
-- Indexes for table `classes`
--
ALTER TABLE `classes`
  ADD PRIMARY KEY (`ClassId`),
  ADD KEY `LotId` (`LotId`),
  ADD KEY `ClassStreamId` (`ClassStreamId`);

--
-- Indexes for table `class_fee_structures`
--
ALTER TABLE `class_fee_structures`
  ADD PRIMARY KEY (`ClassFeeStructureId`),
  ADD KEY `FeeStructureId` (`FeeStructureId`),
  ADD KEY `AcademicClassLevelId` (`AcademicClassLevelId`);

--
-- Indexes for table `class_fee_structure_breakdown`
--
ALTER TABLE `class_fee_structure_breakdown`
  ADD PRIMARY KEY (`ClassFeeStructureBreakDownId`),
  ADD KEY `ClassFeeStructureId` (`ClassFeeStructureId`),
  ADD KEY `TermIterationId` (`TermIterationId`),
  ADD KEY `StudentResidenceId` (`StudentResidenceId`);

--
-- Indexes for table `class_fee_structure_components`
--
ALTER TABLE `class_fee_structure_components`
  ADD PRIMARY KEY (`ClassFeeStructureComponentId`),
  ADD KEY `ClassFeeStructureId` (`ClassFeeStructureId`),
  ADD KEY `FeeComponentId` (`FeeComponentId`);

--
-- Indexes for table `class_streams`
--
ALTER TABLE `class_streams`
  ADD PRIMARY KEY (`ClassStreamId`);

--
-- Indexes for table `correction_descriptions`
--
ALTER TABLE `correction_descriptions`
  ADD PRIMARY KEY (`CorrectionDescriptionId`);

--
-- Indexes for table `fee_components`
--
ALTER TABLE `fee_components`
  ADD PRIMARY KEY (`FeeComponentId`);

--
-- Indexes for table `fee_corrections`
--
ALTER TABLE `fee_corrections`
  ADD PRIMARY KEY (`FeeCorrectionId`),
  ADD KEY `CorrectionDescriptionId` (`CorrectionDescriptionId`),
  ADD KEY `SessionLogId` (`SessionLogId`),
  ADD KEY `ActualSessionActivityId` (`UserSessionActivityId`),
  ADD KEY `StudentId` (`StudentId`);

--
-- Indexes for table `fee_statements`
--
ALTER TABLE `fee_statements`
  ADD PRIMARY KEY (`FeeStatementId`),
  ADD KEY `StudentId` (`StudentId`);

--
-- Indexes for table `fee_structures`
--
ALTER TABLE `fee_structures`
  ADD PRIMARY KEY (`FeeStructureId`),
  ADD KEY `UserId` (`UserId`);

--
-- Indexes for table `gender`
--
ALTER TABLE `gender`
  ADD PRIMARY KEY (`GenderId`);

--
-- Indexes for table `installments`
--
ALTER TABLE `installments`
  ADD PRIMARY KEY (`InstallmentId`),
  ADD KEY `SessionLogId` (`SessionLogId`),
  ADD KEY `ActualSessionActivityId` (`UserSessionActivityId`),
  ADD KEY `StudentId` (`StudentId`);

--
-- Indexes for table `lots`
--
ALTER TABLE `lots`
  ADD PRIMARY KEY (`LotId`),
  ADD KEY `AcademicClassLevelId` (`AcademicClassLevelId`),
  ADD KEY `LotDescriptionId` (`LotDescriptionId`);

--
-- Indexes for table `lot_descriptions`
--
ALTER TABLE `lot_descriptions`
  ADD PRIMARY KEY (`LotDescriptionId`);

--
-- Indexes for table `month`
--
ALTER TABLE `month`
  ADD PRIMARY KEY (`MonthId`);

--
-- Indexes for table `roles`
--
ALTER TABLE `roles`
  ADD PRIMARY KEY (`RoleId`);

--
-- Indexes for table `session_activities`
--
ALTER TABLE `session_activities`
  ADD PRIMARY KEY (`SessionActivityId`);

--
-- Indexes for table `session_logs`
--
ALTER TABLE `session_logs`
  ADD PRIMARY KEY (`SessionLogId`),
  ADD KEY `UserId` (`UserId`);

--
-- Indexes for table `students`
--
ALTER TABLE `students`
  ADD PRIMARY KEY (`StudentId`),
  ADD UNIQUE KEY `AdmissionNo` (`AdmissionNo`),
  ADD KEY `ClassId` (`ClassId`),
  ADD KEY `StudentTypeId` (`StudentResidenceId`),
  ADD KEY `GenderId` (`GenderId`);

--
-- Indexes for table `student_fee_components`
--
ALTER TABLE `student_fee_components`
  ADD PRIMARY KEY (`StudentFeeComponentId`),
  ADD KEY `StudentId` (`StudentId`);

--
-- Indexes for table `student_registration`
--
ALTER TABLE `student_registration`
  ADD PRIMARY KEY (`StudentRegistrationId`),
  ADD KEY `SessionLogId` (`SessionLogId`),
  ADD KEY `ActualSessionActivityId` (`UserSessionActivityId`),
  ADD KEY `StudentId` (`StudentId`);

--
-- Indexes for table `student_residence`
--
ALTER TABLE `student_residence`
  ADD PRIMARY KEY (`StudentResidenceId`);

--
-- Indexes for table `term_iterations`
--
ALTER TABLE `term_iterations`
  ADD PRIMARY KEY (`TermIterationId`);

--
-- Indexes for table `transactions`
--
ALTER TABLE `transactions`
  ADD PRIMARY KEY (`TransactionId`),
  ADD KEY `SessionLogId` (`SessionLogId`),
  ADD KEY `ActualSessionActivityId` (`UserSessionActivityId`),
  ADD KEY `TransactionDescriptionId` (`TransactionDescriptionId`),
  ADD KEY `InstallmentId` (`InstallmentId`),
  ADD KEY `FeeCorrectionId` (`FeeCorrectionId`),
  ADD KEY `CarryFowardId` (`CarryFowardId`),
  ADD KEY `StudentId` (`StudentId`);

--
-- Indexes for table `transaction_descriptions`
--
ALTER TABLE `transaction_descriptions`
  ADD PRIMARY KEY (`TransactionDescriptionId`);

--
-- Indexes for table `users`
--
ALTER TABLE `users`
  ADD PRIMARY KEY (`UserId`),
  ADD UNIQUE KEY `email` (`Email`),
  ADD KEY `GenderId` (`GenderId`);

--
-- Indexes for table `user_access_privileges`
--
ALTER TABLE `user_access_privileges`
  ADD PRIMARY KEY (`UserAccessPrivilegeId`),
  ADD KEY `AccessPrivilegeId` (`AccessPrivilegeId`),
  ADD KEY `UserRoleId` (`UserRoleId`);

--
-- Indexes for table `user_roles`
--
ALTER TABLE `user_roles`
  ADD PRIMARY KEY (`UserRoleId`),
  ADD KEY `UserId` (`UserId`),
  ADD KEY `RoleId` (`RoleId`);

--
-- Indexes for table `user_session_activities`
--
ALTER TABLE `user_session_activities`
  ADD PRIMARY KEY (`UserSessionActivityId`),
  ADD KEY `SessionLogId` (`SessionLogId`),
  ADD KEY `SessionActivityId` (`SessionActivityId`);

--
-- Indexes for table `week_iterations`
--
ALTER TABLE `week_iterations`
  ADD PRIMARY KEY (`WeekIterationId`);

--
-- AUTO_INCREMENT for dumped tables
--

--
-- AUTO_INCREMENT for table `academic_class_levels`
--
ALTER TABLE `academic_class_levels`
  MODIFY `AcademicClassLevelId` int(11) NOT NULL AUTO_INCREMENT, AUTO_INCREMENT=5;

--
-- AUTO_INCREMENT for table `access_privileges`
--
ALTER TABLE `access_privileges`
  MODIFY `AccessPrivilegeId` int(11) NOT NULL AUTO_INCREMENT, AUTO_INCREMENT=7;

--
-- AUTO_INCREMENT for table `actual_terms`
--
ALTER TABLE `actual_terms`
  MODIFY `TermId` int(11) NOT NULL AUTO_INCREMENT, AUTO_INCREMENT=52;

--
-- AUTO_INCREMENT for table `actual_weeks`
--
ALTER TABLE `actual_weeks`
  MODIFY `ActualWeekId` int(11) NOT NULL AUTO_INCREMENT, AUTO_INCREMENT=496;

--
-- AUTO_INCREMENT for table `carry_forwards`
--
ALTER TABLE `carry_forwards`
  MODIFY `CarryFowardId` int(11) NOT NULL AUTO_INCREMENT;

--
-- AUTO_INCREMENT for table `classes`
--
ALTER TABLE `classes`
  MODIFY `ClassId` int(11) NOT NULL AUTO_INCREMENT, AUTO_INCREMENT=3;

--
-- AUTO_INCREMENT for table `class_fee_structures`
--
ALTER TABLE `class_fee_structures`
  MODIFY `ClassFeeStructureId` int(11) NOT NULL AUTO_INCREMENT, AUTO_INCREMENT=2;

--
-- AUTO_INCREMENT for table `class_fee_structure_breakdown`
--
ALTER TABLE `class_fee_structure_breakdown`
  MODIFY `ClassFeeStructureBreakDownId` int(11) NOT NULL AUTO_INCREMENT, AUTO_INCREMENT=10;

--
-- AUTO_INCREMENT for table `class_fee_structure_components`
--
ALTER TABLE `class_fee_structure_components`
  MODIFY `ClassFeeStructureComponentId` int(11) NOT NULL AUTO_INCREMENT, AUTO_INCREMENT=4;

--
-- AUTO_INCREMENT for table `class_streams`
--
ALTER TABLE `class_streams`
  MODIFY `ClassStreamId` int(11) NOT NULL AUTO_INCREMENT, AUTO_INCREMENT=3;

--
-- AUTO_INCREMENT for table `correction_descriptions`
--
ALTER TABLE `correction_descriptions`
  MODIFY `CorrectionDescriptionId` int(11) NOT NULL AUTO_INCREMENT, AUTO_INCREMENT=2;

--
-- AUTO_INCREMENT for table `fee_components`
--
ALTER TABLE `fee_components`
  MODIFY `FeeComponentId` int(11) NOT NULL AUTO_INCREMENT, AUTO_INCREMENT=5;

--
-- AUTO_INCREMENT for table `fee_corrections`
--
ALTER TABLE `fee_corrections`
  MODIFY `FeeCorrectionId` int(11) NOT NULL AUTO_INCREMENT;

--
-- AUTO_INCREMENT for table `fee_statements`
--
ALTER TABLE `fee_statements`
  MODIFY `FeeStatementId` int(11) NOT NULL AUTO_INCREMENT, AUTO_INCREMENT=14;

--
-- AUTO_INCREMENT for table `fee_structures`
--
ALTER TABLE `fee_structures`
  MODIFY `FeeStructureId` int(11) NOT NULL AUTO_INCREMENT, AUTO_INCREMENT=4;

--
-- AUTO_INCREMENT for table `gender`
--
ALTER TABLE `gender`
  MODIFY `GenderId` int(11) NOT NULL AUTO_INCREMENT, AUTO_INCREMENT=3;

--
-- AUTO_INCREMENT for table `installments`
--
ALTER TABLE `installments`
  MODIFY `InstallmentId` int(11) NOT NULL AUTO_INCREMENT, AUTO_INCREMENT=57;

--
-- AUTO_INCREMENT for table `lots`
--
ALTER TABLE `lots`
  MODIFY `LotId` int(11) NOT NULL AUTO_INCREMENT, AUTO_INCREMENT=3;

--
-- AUTO_INCREMENT for table `lot_descriptions`
--
ALTER TABLE `lot_descriptions`
  MODIFY `LotDescriptionId` int(11) NOT NULL AUTO_INCREMENT, AUTO_INCREMENT=3;

--
-- AUTO_INCREMENT for table `month`
--
ALTER TABLE `month`
  MODIFY `MonthId` int(11) NOT NULL AUTO_INCREMENT, AUTO_INCREMENT=2;

--
-- AUTO_INCREMENT for table `roles`
--
ALTER TABLE `roles`
  MODIFY `RoleId` int(11) NOT NULL AUTO_INCREMENT, AUTO_INCREMENT=3;

--
-- AUTO_INCREMENT for table `session_activities`
--
ALTER TABLE `session_activities`
  MODIFY `SessionActivityId` int(11) NOT NULL AUTO_INCREMENT, AUTO_INCREMENT=7;

--
-- AUTO_INCREMENT for table `session_logs`
--
ALTER TABLE `session_logs`
  MODIFY `SessionLogId` int(11) NOT NULL AUTO_INCREMENT, AUTO_INCREMENT=363;

--
-- AUTO_INCREMENT for table `students`
--
ALTER TABLE `students`
  MODIFY `StudentId` int(11) NOT NULL AUTO_INCREMENT, AUTO_INCREMENT=28;

--
-- AUTO_INCREMENT for table `student_fee_components`
--
ALTER TABLE `student_fee_components`
  MODIFY `StudentFeeComponentId` int(11) NOT NULL AUTO_INCREMENT, AUTO_INCREMENT=40;

--
-- AUTO_INCREMENT for table `student_registration`
--
ALTER TABLE `student_registration`
  MODIFY `StudentRegistrationId` int(11) NOT NULL AUTO_INCREMENT, AUTO_INCREMENT=9;

--
-- AUTO_INCREMENT for table `student_residence`
--
ALTER TABLE `student_residence`
  MODIFY `StudentResidenceId` int(11) NOT NULL AUTO_INCREMENT, AUTO_INCREMENT=3;

--
-- AUTO_INCREMENT for table `term_iterations`
--
ALTER TABLE `term_iterations`
  MODIFY `TermIterationId` int(11) NOT NULL AUTO_INCREMENT, AUTO_INCREMENT=4;

--
-- AUTO_INCREMENT for table `transactions`
--
ALTER TABLE `transactions`
  MODIFY `TransactionId` int(11) NOT NULL AUTO_INCREMENT, AUTO_INCREMENT=49;

--
-- AUTO_INCREMENT for table `transaction_descriptions`
--
ALTER TABLE `transaction_descriptions`
  MODIFY `TransactionDescriptionId` int(11) NOT NULL AUTO_INCREMENT, AUTO_INCREMENT=5;

--
-- AUTO_INCREMENT for table `users`
--
ALTER TABLE `users`
  MODIFY `UserId` int(11) NOT NULL AUTO_INCREMENT, AUTO_INCREMENT=17;

--
-- AUTO_INCREMENT for table `user_access_privileges`
--
ALTER TABLE `user_access_privileges`
  MODIFY `UserAccessPrivilegeId` int(11) NOT NULL AUTO_INCREMENT, AUTO_INCREMENT=65;

--
-- AUTO_INCREMENT for table `user_roles`
--
ALTER TABLE `user_roles`
  MODIFY `UserRoleId` int(11) NOT NULL AUTO_INCREMENT, AUTO_INCREMENT=25;

--
-- AUTO_INCREMENT for table `user_session_activities`
--
ALTER TABLE `user_session_activities`
  MODIFY `UserSessionActivityId` int(11) NOT NULL AUTO_INCREMENT, AUTO_INCREMENT=429;

--
-- AUTO_INCREMENT for table `week_iterations`
--
ALTER TABLE `week_iterations`
  MODIFY `WeekIterationId` int(11) NOT NULL AUTO_INCREMENT, AUTO_INCREMENT=15;

--
-- Constraints for dumped tables
--

--
-- Constraints for table `actual_terms`
--
ALTER TABLE `actual_terms`
  ADD CONSTRAINT `actual_terms_ibfk_1` FOREIGN KEY (`TermIterationId`) REFERENCES `term_iterations` (`TermIterationId`) ON DELETE CASCADE ON UPDATE CASCADE;

--
-- Constraints for table `actual_weeks`
--
ALTER TABLE `actual_weeks`
  ADD CONSTRAINT `actual_weeks_ibfk_1` FOREIGN KEY (`TermId`) REFERENCES `actual_terms` (`TermId`) ON DELETE CASCADE ON UPDATE CASCADE,
  ADD CONSTRAINT `actual_weeks_ibfk_2` FOREIGN KEY (`WeekIterationId`) REFERENCES `week_iterations` (`WeekIterationId`) ON DELETE CASCADE ON UPDATE CASCADE;

--
-- Constraints for table `carry_forwards`
--
ALTER TABLE `carry_forwards`
  ADD CONSTRAINT `carry_forwards_ibfk_1` FOREIGN KEY (`StudentId`) REFERENCES `students` (`StudentId`);

--
-- Constraints for table `classes`
--
ALTER TABLE `classes`
  ADD CONSTRAINT `classes_ibfk_1` FOREIGN KEY (`LotId`) REFERENCES `lots` (`LotId`) ON DELETE CASCADE ON UPDATE CASCADE,
  ADD CONSTRAINT `classes_ibfk_2` FOREIGN KEY (`ClassStreamId`) REFERENCES `class_streams` (`ClassStreamId`) ON DELETE CASCADE ON UPDATE CASCADE;

--
-- Constraints for table `class_fee_structures`
--
ALTER TABLE `class_fee_structures`
  ADD CONSTRAINT `class_fee_structures_ibfk_1` FOREIGN KEY (`FeeStructureId`) REFERENCES `fee_structures` (`FeeStructureId`),
  ADD CONSTRAINT `class_fee_structures_ibfk_2` FOREIGN KEY (`AcademicClassLevelId`) REFERENCES `academic_class_levels` (`AcademicClassLevelId`);

--
-- Constraints for table `class_fee_structure_breakdown`
--
ALTER TABLE `class_fee_structure_breakdown`
  ADD CONSTRAINT `class_fee_structure_breakdown_ibfk_1` FOREIGN KEY (`ClassFeeStructureId`) REFERENCES `class_fee_structures` (`ClassFeeStructureId`),
  ADD CONSTRAINT `class_fee_structure_breakdown_ibfk_2` FOREIGN KEY (`TermIterationId`) REFERENCES `term_iterations` (`TermIterationId`),
  ADD CONSTRAINT `class_fee_structure_breakdown_ibfk_3` FOREIGN KEY (`StudentResidenceId`) REFERENCES `student_residence` (`StudentResidenceId`);

--
-- Constraints for table `class_fee_structure_components`
--
ALTER TABLE `class_fee_structure_components`
  ADD CONSTRAINT `class_fee_structure_components_ibfk_1` FOREIGN KEY (`ClassFeeStructureId`) REFERENCES `class_fee_structures` (`ClassFeeStructureId`),
  ADD CONSTRAINT `class_fee_structure_components_ibfk_2` FOREIGN KEY (`FeeComponentId`) REFERENCES `fee_components` (`FeeComponentId`);

--
-- Constraints for table `fee_corrections`
--
ALTER TABLE `fee_corrections`
  ADD CONSTRAINT `fee_corrections_ibfk_1` FOREIGN KEY (`CorrectionDescriptionId`) REFERENCES `correction_descriptions` (`CorrectionDescriptionId`),
  ADD CONSTRAINT `fee_corrections_ibfk_2` FOREIGN KEY (`SessionLogId`) REFERENCES `session_logs` (`SessionLogId`),
  ADD CONSTRAINT `fee_corrections_ibfk_3` FOREIGN KEY (`UserSessionActivityId`) REFERENCES `user_session_activities` (`UserSessionActivityId`),
  ADD CONSTRAINT `fee_corrections_ibfk_4` FOREIGN KEY (`StudentId`) REFERENCES `students` (`StudentId`);

--
-- Constraints for table `fee_statements`
--
ALTER TABLE `fee_statements`
  ADD CONSTRAINT `fee_statements_ibfk_1` FOREIGN KEY (`StudentId`) REFERENCES `students` (`StudentId`);

--
-- Constraints for table `fee_structures`
--
ALTER TABLE `fee_structures`
  ADD CONSTRAINT `fee_structures_ibfk_1` FOREIGN KEY (`UserId`) REFERENCES `users` (`UserId`);

--
-- Constraints for table `installments`
--
ALTER TABLE `installments`
  ADD CONSTRAINT `installments_ibfk_3` FOREIGN KEY (`SessionLogId`) REFERENCES `session_logs` (`SessionLogId`),
  ADD CONSTRAINT `installments_ibfk_4` FOREIGN KEY (`UserSessionActivityId`) REFERENCES `user_session_activities` (`UserSessionActivityId`),
  ADD CONSTRAINT `installments_ibfk_5` FOREIGN KEY (`StudentId`) REFERENCES `students` (`StudentId`);

--
-- Constraints for table `lots`
--
ALTER TABLE `lots`
  ADD CONSTRAINT `lots_ibfk_1` FOREIGN KEY (`AcademicClassLevelId`) REFERENCES `academic_class_levels` (`AcademicClassLevelId`) ON DELETE CASCADE ON UPDATE CASCADE,
  ADD CONSTRAINT `lots_ibfk_2` FOREIGN KEY (`LotDescriptionId`) REFERENCES `lot_descriptions` (`LotDescriptionId`) ON DELETE CASCADE ON UPDATE CASCADE,
  ADD CONSTRAINT `lots_ibfk_3` FOREIGN KEY (`LotDescriptionId`) REFERENCES `lot_descriptions` (`LotDescriptionId`) ON DELETE CASCADE ON UPDATE CASCADE;

--
-- Constraints for table `session_logs`
--
ALTER TABLE `session_logs`
  ADD CONSTRAINT `session_logs_ibfk_1` FOREIGN KEY (`UserId`) REFERENCES `users` (`UserId`) ON DELETE CASCADE ON UPDATE CASCADE;

--
-- Constraints for table `students`
--
ALTER TABLE `students`
  ADD CONSTRAINT `students_ibfk_1` FOREIGN KEY (`ClassId`) REFERENCES `classes` (`ClassId`) ON DELETE CASCADE ON UPDATE CASCADE,
  ADD CONSTRAINT `students_ibfk_2` FOREIGN KEY (`StudentResidenceId`) REFERENCES `student_residence` (`StudentResidenceId`) ON DELETE CASCADE ON UPDATE CASCADE,
  ADD CONSTRAINT `students_ibfk_3` FOREIGN KEY (`GenderId`) REFERENCES `gender` (`GenderId`);

--
-- Constraints for table `student_fee_components`
--
ALTER TABLE `student_fee_components`
  ADD CONSTRAINT `student_fee_components_ibfk_1` FOREIGN KEY (`StudentId`) REFERENCES `students` (`StudentId`);

--
-- Constraints for table `student_registration`
--
ALTER TABLE `student_registration`
  ADD CONSTRAINT `student_registration_ibfk_1` FOREIGN KEY (`SessionLogId`) REFERENCES `session_logs` (`SessionLogId`),
  ADD CONSTRAINT `student_registration_ibfk_2` FOREIGN KEY (`UserSessionActivityId`) REFERENCES `user_session_activities` (`UserSessionActivityId`),
  ADD CONSTRAINT `student_registration_ibfk_3` FOREIGN KEY (`StudentId`) REFERENCES `students` (`StudentId`);

--
-- Constraints for table `transactions`
--
ALTER TABLE `transactions`
  ADD CONSTRAINT `transactions_ibfk_1` FOREIGN KEY (`SessionLogId`) REFERENCES `session_logs` (`SessionLogId`),
  ADD CONSTRAINT `transactions_ibfk_2` FOREIGN KEY (`UserSessionActivityId`) REFERENCES `user_session_activities` (`UserSessionActivityId`),
  ADD CONSTRAINT `transactions_ibfk_4` FOREIGN KEY (`TransactionDescriptionId`) REFERENCES `transaction_descriptions` (`TransactionDescriptionId`),
  ADD CONSTRAINT `transactions_ibfk_5` FOREIGN KEY (`InstallmentId`) REFERENCES `installments` (`InstallmentId`),
  ADD CONSTRAINT `transactions_ibfk_6` FOREIGN KEY (`FeeCorrectionId`) REFERENCES `fee_corrections` (`FeeCorrectionId`),
  ADD CONSTRAINT `transactions_ibfk_7` FOREIGN KEY (`CarryFowardId`) REFERENCES `carry_forwards` (`CarryFowardId`),
  ADD CONSTRAINT `transactions_ibfk_8` FOREIGN KEY (`StudentId`) REFERENCES `students` (`StudentId`);

--
-- Constraints for table `users`
--
ALTER TABLE `users`
  ADD CONSTRAINT `users_ibfk_1` FOREIGN KEY (`GenderId`) REFERENCES `gender` (`GenderId`);

--
-- Constraints for table `user_access_privileges`
--
ALTER TABLE `user_access_privileges`
  ADD CONSTRAINT `user_access_privileges_ibfk_1` FOREIGN KEY (`AccessPrivilegeId`) REFERENCES `access_privileges` (`AccessPrivilegeId`),
  ADD CONSTRAINT `user_access_privileges_ibfk_2` FOREIGN KEY (`UserRoleId`) REFERENCES `user_roles` (`UserRoleId`);

--
-- Constraints for table `user_roles`
--
ALTER TABLE `user_roles`
  ADD CONSTRAINT `user_roles_ibfk_1` FOREIGN KEY (`UserId`) REFERENCES `users` (`UserId`) ON DELETE CASCADE ON UPDATE CASCADE,
  ADD CONSTRAINT `user_roles_ibfk_2` FOREIGN KEY (`RoleId`) REFERENCES `roles` (`RoleId`) ON DELETE CASCADE ON UPDATE CASCADE;

--
-- Constraints for table `user_session_activities`
--
ALTER TABLE `user_session_activities`
  ADD CONSTRAINT `user_session_activities_ibfk_1` FOREIGN KEY (`SessionLogId`) REFERENCES `session_logs` (`SessionLogId`),
  ADD CONSTRAINT `user_session_activities_ibfk_2` FOREIGN KEY (`SessionActivityId`) REFERENCES `session_activities` (`SessionActivityId`);
COMMIT;

/*!40101 SET CHARACTER_SET_CLIENT=@OLD_CHARACTER_SET_CLIENT */;
/*!40101 SET CHARACTER_SET_RESULTS=@OLD_CHARACTER_SET_RESULTS */;
/*!40101 SET COLLATION_CONNECTION=@OLD_COLLATION_CONNECTION */;
