-- phpMyAdmin SQL Dump
-- version 4.9.0.1
-- https://www.phpmyadmin.net/
--
-- Host: localhost
-- Generation Time: Jun 11, 2020 at 06:59 PM
-- Server version: 5.7.26
-- PHP Version: 7.3.6

SET SQL_MODE = "NO_AUTO_VALUE_ON_ZERO";
SET AUTOCOMMIT = 0;
START TRANSACTION;
SET time_zone = "+00:00";


/*!40101 SET @OLD_CHARACTER_SET_CLIENT=@@CHARACTER_SET_CLIENT */;
/*!40101 SET @OLD_CHARACTER_SET_RESULTS=@@CHARACTER_SET_RESULTS */;
/*!40101 SET @OLD_COLLATION_CONNECTION=@@COLLATION_CONNECTION */;
/*!40101 SET NAMES utf8mb4 */;

--
-- Database: `waondo`
--

-- --------------------------------------------------------

--
-- Table structure for table `academic_class_levels`
--

CREATE TABLE `academic_class_levels` (
  `AcademicClassLevelId` int(11) NOT NULL,
  `AcademicClassLevelName` varchar(200) NOT NULL,
  `HierachyCode` int(11) NOT NULL,
  `IsAdminClassLevel` int(11) DEFAULT NULL
) ENGINE=InnoDB DEFAULT CHARSET=latin1;

-- --------------------------------------------------------

--
-- Table structure for table `access_privileges`
--

CREATE TABLE `access_privileges` (
  `AccessPrivilegeId` int(11) NOT NULL,
  `AccessPrivilegeDescription` varchar(200) NOT NULL,
  `AccessPrivilegeCode` int(11) NOT NULL
) ENGINE=InnoDB DEFAULT CHARSET=latin1;

-- --------------------------------------------------------

--
-- Table structure for table `actual_terms`
--

CREATE TABLE `actual_terms` (
  `TermId` int(11) NOT NULL,
  `TermIterationId` int(11) DEFAULT NULL,
  `TermStartDate` date NOT NULL,
  `TermEndDate` date NOT NULL,
  `Year` year(4) NOT NULL
) ENGINE=InnoDB DEFAULT CHARSET=latin1;

--
-- Dumping data for table `actual_terms`
--

INSERT INTO `actual_terms` (`TermId`, `TermIterationId`, `TermStartDate`, `TermEndDate`, `Year`) VALUES
(3, 1, '2018-01-01', '2018-03-31', 2018),
(4, 2, '2018-05-01', '2018-07-31', 2018),
(5, 3, '2018-08-01', '2018-11-30', 2018),
(6, 1, '2019-01-01', '2019-03-31', 2019),
(7, 2, '2019-05-01', '2019-07-31', 2019),
(8, 3, '2019-09-01', '2019-11-30', 2019),
(9, 2, '2020-04-01', '2020-07-31', 2020),
(12, 3, '2020-09-01', '2020-11-30', 2020),
(13, 1, '2021-01-01', '2021-03-31', 2021),
(14, 1, '2021-01-01', '2021-03-31', 2021),
(15, 1, '2021-01-01', '2021-03-31', 2021),
(16, 1, '2021-01-01', '2021-03-31', 2021),
(17, 1, '2021-01-01', '2021-03-31', 2021),
(18, 1, '2021-01-01', '2021-03-31', 2021),
(19, 1, '2021-01-01', '2021-03-31', 2021),
(20, 1, '2021-01-01', '2021-03-31', 2021),
(21, 1, '2021-01-01', '2021-03-31', 2021),
(22, 1, '2021-01-01', '2021-03-31', 2021),
(23, 1, '2021-01-01', '2021-03-31', 2021),
(24, 1, '2021-01-01', '2021-03-31', 2021),
(25, 1, '2021-01-01', '2021-03-31', 2021),
(26, 1, '2021-01-01', '2021-03-31', 2021),
(27, 1, '2021-01-01', '2021-03-31', 2021),
(28, 1, '2021-01-01', '2021-03-31', 2021),
(29, 1, '2021-01-01', '2021-03-31', 2021),
(30, 1, '2021-01-01', '2021-03-31', 2021),
(31, 1, '2021-01-01', '2021-03-31', 2021),
(32, 1, '2021-01-01', '2021-03-31', 2021),
(33, 1, '2021-01-01', '2021-03-31', 2021),
(34, 1, '2021-01-01', '2021-03-31', 2021),
(35, 1, '2021-01-01', '2021-03-31', 2021),
(36, 1, '2021-01-01', '2021-03-31', 2021),
(37, 1, '2021-01-01', '2021-03-31', 2021),
(38, 1, '2021-01-01', '2021-03-31', 2021),
(39, 1, '2021-01-01', '2021-03-31', 2021),
(40, 1, '2021-01-01', '2021-03-31', 2021),
(41, 1, '2021-01-01', '2021-03-31', 2021),
(42, 1, '2021-01-01', '2021-03-31', 2021),
(43, 1, '2021-01-01', '2021-03-31', 2021),
(44, 1, '2021-01-01', '2021-03-31', 2021),
(45, 1, '2021-01-01', '2021-03-31', 2021),
(46, 1, '2021-01-01', '2021-03-31', 2021),
(47, 1, '2021-01-01', '2021-03-31', 2021),
(48, 1, '2021-01-01', '2021-03-31', 2021),
(49, 1, '2021-01-01', '2021-03-31', 2021),
(50, 1, '2021-01-01', '2021-03-31', 2021),
(51, 1, '2021-01-01', '2021-03-31', 2021);

-- --------------------------------------------------------

--
-- Table structure for table `actual_weeks`
--

CREATE TABLE `actual_weeks` (
  `ActualWeekId` int(11) NOT NULL,
  `TermId` int(11) NOT NULL,
  `WeekIterationId` int(11) NOT NULL,
  `WeekStartDate` date NOT NULL,
  `WeekEndDate` date NOT NULL
) ENGINE=InnoDB DEFAULT CHARSET=latin1;

--
-- Dumping data for table `actual_weeks`
--

INSERT INTO `actual_weeks` (`ActualWeekId`, `TermId`, `WeekIterationId`, `WeekStartDate`, `WeekEndDate`) VALUES
(1, 6, 1, '2019-01-01', '2019-01-06'),
(2, 14, 1, '2021-01-01', '2021-01-07'),
(3, 14, 2, '2021-01-08', '2021-01-14'),
(4, 14, 3, '2021-01-15', '2021-01-21'),
(5, 14, 4, '2021-01-22', '2021-01-28'),
(6, 14, 5, '2021-01-29', '2021-02-04'),
(7, 14, 6, '2021-02-05', '2021-02-11'),
(8, 14, 7, '2021-02-12', '2021-02-18'),
(9, 14, 8, '2021-02-19', '2021-02-25'),
(10, 14, 9, '2021-02-26', '2021-03-04'),
(11, 14, 10, '2021-03-05', '2021-03-11'),
(12, 14, 11, '2021-03-12', '2021-03-18'),
(13, 14, 12, '2021-03-19', '2021-03-25'),
(14, 14, 13, '2021-03-26', '2021-03-31'),
(15, 15, 1, '2021-01-01', '2021-01-07'),
(16, 15, 2, '2021-01-08', '2021-01-14'),
(17, 15, 3, '2021-01-15', '2021-01-21'),
(18, 15, 4, '2021-01-22', '2021-01-28'),
(19, 15, 5, '2021-01-29', '2021-02-04'),
(20, 15, 6, '2021-02-05', '2021-02-11'),
(21, 15, 7, '2021-02-12', '2021-02-18'),
(22, 15, 8, '2021-02-19', '2021-02-25'),
(23, 15, 9, '2021-02-26', '2021-03-04'),
(24, 15, 10, '2021-03-05', '2021-03-11'),
(25, 15, 11, '2021-03-12', '2021-03-18'),
(26, 15, 12, '2021-03-19', '2021-03-25'),
(27, 15, 13, '2021-03-26', '2021-03-31'),
(28, 16, 1, '2021-01-01', '2021-01-07'),
(29, 16, 2, '2021-01-08', '2021-01-14'),
(30, 16, 3, '2021-01-15', '2021-01-21'),
(31, 16, 4, '2021-01-22', '2021-01-28'),
(32, 16, 5, '2021-01-29', '2021-02-04'),
(33, 16, 6, '2021-02-05', '2021-02-11'),
(34, 16, 7, '2021-02-12', '2021-02-18'),
(35, 16, 8, '2021-02-19', '2021-02-25'),
(36, 16, 9, '2021-02-26', '2021-03-04'),
(37, 16, 10, '2021-03-05', '2021-03-11'),
(38, 16, 11, '2021-03-12', '2021-03-18'),
(39, 16, 12, '2021-03-19', '2021-03-25'),
(40, 16, 13, '2021-03-26', '2021-03-31'),
(41, 17, 1, '2021-01-01', '2021-01-07'),
(42, 17, 2, '2021-01-08', '2021-01-14'),
(43, 17, 3, '2021-01-15', '2021-01-21'),
(44, 17, 4, '2021-01-22', '2021-01-28'),
(45, 17, 5, '2021-01-29', '2021-02-04'),
(46, 17, 6, '2021-02-05', '2021-02-11'),
(47, 17, 7, '2021-02-12', '2021-02-18'),
(48, 17, 8, '2021-02-19', '2021-02-25'),
(49, 17, 9, '2021-02-26', '2021-03-04'),
(50, 17, 10, '2021-03-05', '2021-03-11'),
(51, 17, 11, '2021-03-12', '2021-03-18'),
(52, 17, 12, '2021-03-19', '2021-03-25'),
(53, 17, 13, '2021-03-26', '2021-03-31'),
(54, 18, 1, '2021-01-01', '2021-01-07'),
(55, 18, 2, '2021-01-08', '2021-01-14'),
(56, 18, 3, '2021-01-15', '2021-01-21'),
(57, 18, 4, '2021-01-22', '2021-01-28'),
(58, 18, 5, '2021-01-29', '2021-02-04'),
(59, 18, 6, '2021-02-05', '2021-02-11'),
(60, 18, 7, '2021-02-12', '2021-02-18'),
(61, 18, 8, '2021-02-19', '2021-02-25'),
(62, 18, 9, '2021-02-26', '2021-03-04'),
(63, 18, 10, '2021-03-05', '2021-03-11'),
(64, 18, 11, '2021-03-12', '2021-03-18'),
(65, 18, 12, '2021-03-19', '2021-03-25'),
(66, 18, 13, '2021-03-26', '2021-03-31'),
(67, 19, 1, '2021-01-01', '2021-01-07'),
(68, 19, 2, '2021-01-08', '2021-01-14'),
(69, 19, 3, '2021-01-15', '2021-01-21'),
(70, 19, 4, '2021-01-22', '2021-01-28'),
(71, 19, 5, '2021-01-29', '2021-02-04'),
(72, 19, 6, '2021-02-05', '2021-02-11'),
(73, 19, 7, '2021-02-12', '2021-02-18'),
(74, 19, 8, '2021-02-19', '2021-02-25'),
(75, 19, 9, '2021-02-26', '2021-03-04'),
(76, 19, 10, '2021-03-05', '2021-03-11'),
(77, 19, 11, '2021-03-12', '2021-03-18'),
(78, 19, 12, '2021-03-19', '2021-03-25'),
(79, 19, 13, '2021-03-26', '2021-03-31'),
(80, 20, 1, '2021-01-01', '2021-01-07'),
(81, 20, 2, '2021-01-08', '2021-01-14'),
(82, 20, 3, '2021-01-15', '2021-01-21'),
(83, 20, 4, '2021-01-22', '2021-01-28'),
(84, 20, 5, '2021-01-29', '2021-02-04'),
(85, 20, 6, '2021-02-05', '2021-02-11'),
(86, 20, 7, '2021-02-12', '2021-02-18'),
(87, 20, 8, '2021-02-19', '2021-02-25'),
(88, 20, 9, '2021-02-26', '2021-03-04'),
(89, 20, 10, '2021-03-05', '2021-03-11'),
(90, 20, 11, '2021-03-12', '2021-03-18'),
(91, 20, 12, '2021-03-19', '2021-03-25'),
(92, 20, 13, '2021-03-26', '2021-03-31'),
(93, 21, 1, '2021-01-01', '2021-01-07'),
(94, 21, 2, '2021-01-08', '2021-01-14'),
(95, 21, 3, '2021-01-15', '2021-01-21'),
(96, 21, 4, '2021-01-22', '2021-01-28'),
(97, 21, 5, '2021-01-29', '2021-02-04'),
(98, 21, 6, '2021-02-05', '2021-02-11'),
(99, 21, 7, '2021-02-12', '2021-02-18'),
(100, 21, 8, '2021-02-19', '2021-02-25'),
(101, 21, 9, '2021-02-26', '2021-03-04'),
(102, 21, 10, '2021-03-05', '2021-03-11'),
(103, 21, 11, '2021-03-12', '2021-03-18'),
(104, 21, 12, '2021-03-19', '2021-03-25'),
(105, 21, 13, '2021-03-26', '2021-03-31'),
(106, 22, 1, '2021-01-01', '2021-01-07'),
(107, 22, 2, '2021-01-08', '2021-01-14'),
(108, 22, 3, '2021-01-15', '2021-01-21'),
(109, 22, 4, '2021-01-22', '2021-01-28'),
(110, 22, 5, '2021-01-29', '2021-02-04'),
(111, 22, 6, '2021-02-05', '2021-02-11'),
(112, 22, 7, '2021-02-12', '2021-02-18'),
(113, 22, 8, '2021-02-19', '2021-02-25'),
(114, 22, 9, '2021-02-26', '2021-03-04'),
(115, 22, 10, '2021-03-05', '2021-03-11'),
(116, 22, 11, '2021-03-12', '2021-03-18'),
(117, 22, 12, '2021-03-19', '2021-03-25'),
(118, 22, 13, '2021-03-26', '2021-03-31'),
(119, 23, 1, '2021-01-01', '2021-01-07'),
(120, 23, 2, '2021-01-08', '2021-01-14'),
(121, 23, 3, '2021-01-15', '2021-01-21'),
(122, 23, 4, '2021-01-22', '2021-01-28'),
(123, 23, 5, '2021-01-29', '2021-02-04'),
(124, 23, 6, '2021-02-05', '2021-02-11'),
(125, 23, 7, '2021-02-12', '2021-02-18'),
(126, 23, 8, '2021-02-19', '2021-02-25'),
(127, 23, 9, '2021-02-26', '2021-03-04'),
(128, 23, 10, '2021-03-05', '2021-03-11'),
(129, 23, 11, '2021-03-12', '2021-03-18'),
(130, 23, 12, '2021-03-19', '2021-03-25'),
(131, 23, 13, '2021-03-26', '2021-03-31'),
(132, 24, 1, '2021-01-01', '2021-01-07'),
(133, 24, 2, '2021-01-08', '2021-01-14'),
(134, 24, 3, '2021-01-15', '2021-01-21'),
(135, 24, 4, '2021-01-22', '2021-01-28'),
(136, 24, 5, '2021-01-29', '2021-02-04'),
(137, 24, 6, '2021-02-05', '2021-02-11'),
(138, 24, 7, '2021-02-12', '2021-02-18'),
(139, 24, 8, '2021-02-19', '2021-02-25'),
(140, 24, 9, '2021-02-26', '2021-03-04'),
(141, 24, 10, '2021-03-05', '2021-03-11'),
(142, 24, 11, '2021-03-12', '2021-03-18'),
(143, 24, 12, '2021-03-19', '2021-03-25'),
(144, 24, 13, '2021-03-26', '2021-03-31'),
(145, 25, 1, '2021-01-01', '2021-01-07'),
(146, 25, 2, '2021-01-08', '2021-01-14'),
(147, 25, 3, '2021-01-15', '2021-01-21'),
(148, 25, 4, '2021-01-22', '2021-01-28'),
(149, 25, 5, '2021-01-29', '2021-02-04'),
(150, 25, 6, '2021-02-05', '2021-02-11'),
(151, 25, 7, '2021-02-12', '2021-02-18'),
(152, 25, 8, '2021-02-19', '2021-02-25'),
(153, 25, 9, '2021-02-26', '2021-03-04'),
(154, 25, 10, '2021-03-05', '2021-03-11'),
(155, 25, 11, '2021-03-12', '2021-03-18'),
(156, 25, 12, '2021-03-19', '2021-03-25'),
(157, 25, 13, '2021-03-26', '2021-03-31'),
(158, 26, 1, '2021-01-01', '2021-01-07'),
(159, 26, 2, '2021-01-08', '2021-01-14'),
(160, 26, 3, '2021-01-15', '2021-01-21'),
(161, 26, 4, '2021-01-22', '2021-01-28'),
(162, 26, 5, '2021-01-29', '2021-02-04'),
(163, 26, 6, '2021-02-05', '2021-02-11'),
(164, 26, 7, '2021-02-12', '2021-02-18'),
(165, 26, 8, '2021-02-19', '2021-02-25'),
(166, 26, 9, '2021-02-26', '2021-03-04'),
(167, 26, 10, '2021-03-05', '2021-03-11'),
(168, 26, 11, '2021-03-12', '2021-03-18'),
(169, 26, 12, '2021-03-19', '2021-03-25'),
(170, 26, 13, '2021-03-26', '2021-03-31'),
(171, 27, 1, '2021-01-01', '2021-01-07'),
(172, 27, 2, '2021-01-08', '2021-01-14'),
(173, 27, 3, '2021-01-15', '2021-01-21'),
(174, 27, 4, '2021-01-22', '2021-01-28'),
(175, 27, 5, '2021-01-29', '2021-02-04'),
(176, 27, 6, '2021-02-05', '2021-02-11'),
(177, 27, 7, '2021-02-12', '2021-02-18'),
(178, 27, 8, '2021-02-19', '2021-02-25'),
(179, 27, 9, '2021-02-26', '2021-03-04'),
(180, 27, 10, '2021-03-05', '2021-03-11'),
(181, 27, 11, '2021-03-12', '2021-03-18'),
(182, 27, 12, '2021-03-19', '2021-03-25'),
(183, 27, 13, '2021-03-26', '2021-03-31'),
(184, 28, 1, '2021-01-01', '2021-01-07'),
(185, 28, 2, '2021-01-08', '2021-01-14'),
(186, 28, 3, '2021-01-15', '2021-01-21'),
(187, 28, 4, '2021-01-22', '2021-01-28'),
(188, 28, 5, '2021-01-29', '2021-02-04'),
(189, 28, 6, '2021-02-05', '2021-02-11'),
(190, 28, 7, '2021-02-12', '2021-02-18'),
(191, 28, 8, '2021-02-19', '2021-02-25'),
(192, 28, 9, '2021-02-26', '2021-03-04'),
(193, 28, 10, '2021-03-05', '2021-03-11'),
(194, 28, 11, '2021-03-12', '2021-03-18'),
(195, 28, 12, '2021-03-19', '2021-03-25'),
(196, 28, 13, '2021-03-26', '2021-03-31'),
(197, 29, 1, '2021-01-01', '2021-01-07'),
(198, 29, 2, '2021-01-08', '2021-01-14'),
(199, 29, 3, '2021-01-15', '2021-01-21'),
(200, 29, 4, '2021-01-22', '2021-01-28'),
(201, 29, 5, '2021-01-29', '2021-02-04'),
(202, 29, 6, '2021-02-05', '2021-02-11'),
(203, 29, 7, '2021-02-12', '2021-02-18'),
(204, 29, 8, '2021-02-19', '2021-02-25'),
(205, 29, 9, '2021-02-26', '2021-03-04'),
(206, 29, 10, '2021-03-05', '2021-03-11'),
(207, 29, 11, '2021-03-12', '2021-03-18'),
(208, 29, 12, '2021-03-19', '2021-03-25'),
(209, 29, 13, '2021-03-26', '2021-03-31'),
(210, 30, 1, '2021-01-01', '2021-01-07'),
(211, 30, 2, '2021-01-08', '2021-01-14'),
(212, 30, 3, '2021-01-15', '2021-01-21'),
(213, 30, 4, '2021-01-22', '2021-01-28'),
(214, 30, 5, '2021-01-29', '2021-02-04'),
(215, 30, 6, '2021-02-05', '2021-02-11'),
(216, 30, 7, '2021-02-12', '2021-02-18'),
(217, 30, 8, '2021-02-19', '2021-02-25'),
(218, 30, 9, '2021-02-26', '2021-03-04'),
(219, 30, 10, '2021-03-05', '2021-03-11'),
(220, 30, 11, '2021-03-12', '2021-03-18'),
(221, 30, 12, '2021-03-19', '2021-03-25'),
(222, 30, 13, '2021-03-26', '2021-03-31'),
(223, 31, 1, '2021-01-01', '2021-01-07'),
(224, 31, 2, '2021-01-08', '2021-01-14'),
(225, 31, 3, '2021-01-15', '2021-01-21'),
(226, 31, 4, '2021-01-22', '2021-01-28'),
(227, 31, 5, '2021-01-29', '2021-02-04'),
(228, 31, 6, '2021-02-05', '2021-02-11'),
(229, 31, 7, '2021-02-12', '2021-02-18'),
(230, 31, 8, '2021-02-19', '2021-02-25'),
(231, 31, 9, '2021-02-26', '2021-03-04'),
(232, 31, 10, '2021-03-05', '2021-03-11'),
(233, 31, 11, '2021-03-12', '2021-03-18'),
(234, 31, 12, '2021-03-19', '2021-03-25'),
(235, 31, 13, '2021-03-26', '2021-03-31'),
(236, 32, 1, '2021-01-01', '2021-01-07'),
(237, 32, 2, '2021-01-08', '2021-01-14'),
(238, 32, 3, '2021-01-15', '2021-01-21'),
(239, 32, 4, '2021-01-22', '2021-01-28'),
(240, 32, 5, '2021-01-29', '2021-02-04'),
(241, 32, 6, '2021-02-05', '2021-02-11'),
(242, 32, 7, '2021-02-12', '2021-02-18'),
(243, 32, 8, '2021-02-19', '2021-02-25'),
(244, 32, 9, '2021-02-26', '2021-03-04'),
(245, 32, 10, '2021-03-05', '2021-03-11'),
(246, 32, 11, '2021-03-12', '2021-03-18'),
(247, 32, 12, '2021-03-19', '2021-03-25'),
(248, 32, 13, '2021-03-26', '2021-03-31'),
(249, 33, 1, '2021-01-01', '2021-01-07'),
(250, 33, 2, '2021-01-08', '2021-01-14'),
(251, 33, 3, '2021-01-15', '2021-01-21'),
(252, 33, 4, '2021-01-22', '2021-01-28'),
(253, 33, 5, '2021-01-29', '2021-02-04'),
(254, 33, 6, '2021-02-05', '2021-02-11'),
(255, 33, 7, '2021-02-12', '2021-02-18'),
(256, 33, 8, '2021-02-19', '2021-02-25'),
(257, 33, 9, '2021-02-26', '2021-03-04'),
(258, 33, 10, '2021-03-05', '2021-03-11'),
(259, 33, 11, '2021-03-12', '2021-03-18'),
(260, 33, 12, '2021-03-19', '2021-03-25'),
(261, 33, 13, '2021-03-26', '2021-03-31'),
(262, 34, 1, '2021-01-01', '2021-01-07'),
(263, 34, 2, '2021-01-08', '2021-01-14'),
(264, 34, 3, '2021-01-15', '2021-01-21'),
(265, 34, 4, '2021-01-22', '2021-01-28'),
(266, 34, 5, '2021-01-29', '2021-02-04'),
(267, 34, 6, '2021-02-05', '2021-02-11'),
(268, 34, 7, '2021-02-12', '2021-02-18'),
(269, 34, 8, '2021-02-19', '2021-02-25'),
(270, 34, 9, '2021-02-26', '2021-03-04'),
(271, 34, 10, '2021-03-05', '2021-03-11'),
(272, 34, 11, '2021-03-12', '2021-03-18'),
(273, 34, 12, '2021-03-19', '2021-03-25'),
(274, 34, 13, '2021-03-26', '2021-03-31'),
(275, 35, 1, '2021-01-01', '2021-01-07'),
(276, 35, 2, '2021-01-08', '2021-01-14'),
(277, 35, 3, '2021-01-15', '2021-01-21'),
(278, 35, 4, '2021-01-22', '2021-01-28'),
(279, 35, 5, '2021-01-29', '2021-02-04'),
(280, 35, 6, '2021-02-05', '2021-02-11'),
(281, 35, 7, '2021-02-12', '2021-02-18'),
(282, 35, 8, '2021-02-19', '2021-02-25'),
(283, 35, 9, '2021-02-26', '2021-03-04'),
(284, 35, 10, '2021-03-05', '2021-03-11'),
(285, 35, 11, '2021-03-12', '2021-03-18'),
(286, 35, 12, '2021-03-19', '2021-03-25'),
(287, 35, 13, '2021-03-26', '2021-03-31'),
(288, 36, 1, '2021-01-01', '2021-01-07'),
(289, 36, 2, '2021-01-08', '2021-01-14'),
(290, 36, 3, '2021-01-15', '2021-01-21'),
(291, 36, 4, '2021-01-22', '2021-01-28'),
(292, 36, 5, '2021-01-29', '2021-02-04'),
(293, 36, 6, '2021-02-05', '2021-02-11'),
(294, 36, 7, '2021-02-12', '2021-02-18'),
(295, 36, 8, '2021-02-19', '2021-02-25'),
(296, 36, 9, '2021-02-26', '2021-03-04'),
(297, 36, 10, '2021-03-05', '2021-03-11'),
(298, 36, 11, '2021-03-12', '2021-03-18'),
(299, 36, 12, '2021-03-19', '2021-03-25'),
(300, 36, 13, '2021-03-26', '2021-03-31'),
(301, 37, 1, '2021-01-01', '2021-01-07'),
(302, 37, 2, '2021-01-08', '2021-01-14'),
(303, 37, 3, '2021-01-15', '2021-01-21'),
(304, 37, 4, '2021-01-22', '2021-01-28'),
(305, 37, 5, '2021-01-29', '2021-02-04'),
(306, 37, 6, '2021-02-05', '2021-02-11'),
(307, 37, 7, '2021-02-12', '2021-02-18'),
(308, 37, 8, '2021-02-19', '2021-02-25'),
(309, 37, 9, '2021-02-26', '2021-03-04'),
(310, 37, 10, '2021-03-05', '2021-03-11'),
(311, 37, 11, '2021-03-12', '2021-03-18'),
(312, 37, 12, '2021-03-19', '2021-03-25'),
(313, 37, 13, '2021-03-26', '2021-03-31'),
(314, 38, 1, '2021-01-01', '2021-01-07'),
(315, 38, 2, '2021-01-08', '2021-01-14'),
(316, 38, 3, '2021-01-15', '2021-01-21'),
(317, 38, 4, '2021-01-22', '2021-01-28'),
(318, 38, 5, '2021-01-29', '2021-02-04'),
(319, 38, 6, '2021-02-05', '2021-02-11'),
(320, 38, 7, '2021-02-12', '2021-02-18'),
(321, 38, 8, '2021-02-19', '2021-02-25'),
(322, 38, 9, '2021-02-26', '2021-03-04'),
(323, 38, 10, '2021-03-05', '2021-03-11'),
(324, 38, 11, '2021-03-12', '2021-03-18'),
(325, 38, 12, '2021-03-19', '2021-03-25'),
(326, 38, 13, '2021-03-26', '2021-03-31'),
(327, 39, 1, '2021-01-01', '2021-01-07'),
(328, 39, 2, '2021-01-08', '2021-01-14'),
(329, 39, 3, '2021-01-15', '2021-01-21'),
(330, 39, 4, '2021-01-22', '2021-01-28'),
(331, 39, 5, '2021-01-29', '2021-02-04'),
(332, 39, 6, '2021-02-05', '2021-02-11'),
(333, 39, 7, '2021-02-12', '2021-02-18'),
(334, 39, 8, '2021-02-19', '2021-02-25'),
(335, 39, 9, '2021-02-26', '2021-03-04'),
(336, 39, 10, '2021-03-05', '2021-03-11'),
(337, 39, 11, '2021-03-12', '2021-03-18'),
(338, 39, 12, '2021-03-19', '2021-03-25'),
(339, 39, 13, '2021-03-26', '2021-03-31'),
(340, 40, 1, '2021-01-01', '2021-01-07'),
(341, 40, 2, '2021-01-08', '2021-01-14'),
(342, 40, 3, '2021-01-15', '2021-01-21'),
(343, 40, 4, '2021-01-22', '2021-01-28'),
(344, 40, 5, '2021-01-29', '2021-02-04'),
(345, 40, 6, '2021-02-05', '2021-02-11'),
(346, 40, 7, '2021-02-12', '2021-02-18'),
(347, 40, 8, '2021-02-19', '2021-02-25'),
(348, 40, 9, '2021-02-26', '2021-03-04'),
(349, 40, 10, '2021-03-05', '2021-03-11'),
(350, 40, 11, '2021-03-12', '2021-03-18'),
(351, 40, 12, '2021-03-19', '2021-03-25'),
(352, 40, 13, '2021-03-26', '2021-03-31'),
(353, 41, 1, '2021-01-01', '2021-01-07'),
(354, 41, 2, '2021-01-08', '2021-01-14'),
(355, 41, 3, '2021-01-15', '2021-01-21'),
(356, 41, 4, '2021-01-22', '2021-01-28'),
(357, 41, 5, '2021-01-29', '2021-02-04'),
(358, 41, 6, '2021-02-05', '2021-02-11'),
(359, 41, 7, '2021-02-12', '2021-02-18'),
(360, 41, 8, '2021-02-19', '2021-02-25'),
(361, 41, 9, '2021-02-26', '2021-03-04'),
(362, 41, 10, '2021-03-05', '2021-03-11'),
(363, 41, 11, '2021-03-12', '2021-03-18'),
(364, 41, 12, '2021-03-19', '2021-03-25'),
(365, 41, 13, '2021-03-26', '2021-03-31'),
(366, 42, 1, '2021-01-01', '2021-01-07'),
(367, 42, 2, '2021-01-08', '2021-01-14'),
(368, 42, 3, '2021-01-15', '2021-01-21'),
(369, 42, 4, '2021-01-22', '2021-01-28'),
(370, 42, 5, '2021-01-29', '2021-02-04'),
(371, 42, 6, '2021-02-05', '2021-02-11'),
(372, 42, 7, '2021-02-12', '2021-02-18'),
(373, 42, 8, '2021-02-19', '2021-02-25'),
(374, 42, 9, '2021-02-26', '2021-03-04'),
(375, 42, 10, '2021-03-05', '2021-03-11'),
(376, 42, 11, '2021-03-12', '2021-03-18'),
(377, 42, 12, '2021-03-19', '2021-03-25'),
(378, 42, 13, '2021-03-26', '2021-03-31'),
(379, 43, 1, '2021-01-01', '2021-01-07'),
(380, 43, 2, '2021-01-08', '2021-01-14'),
(381, 43, 3, '2021-01-15', '2021-01-21'),
(382, 43, 4, '2021-01-22', '2021-01-28'),
(383, 43, 5, '2021-01-29', '2021-02-04'),
(384, 43, 6, '2021-02-05', '2021-02-11'),
(385, 43, 7, '2021-02-12', '2021-02-18'),
(386, 43, 8, '2021-02-19', '2021-02-25'),
(387, 43, 9, '2021-02-26', '2021-03-04'),
(388, 43, 10, '2021-03-05', '2021-03-11'),
(389, 43, 11, '2021-03-12', '2021-03-18'),
(390, 43, 12, '2021-03-19', '2021-03-25'),
(391, 43, 13, '2021-03-26', '2021-03-31'),
(392, 44, 1, '2021-01-01', '2021-01-07'),
(393, 44, 2, '2021-01-08', '2021-01-14'),
(394, 44, 3, '2021-01-15', '2021-01-21'),
(395, 44, 4, '2021-01-22', '2021-01-28'),
(396, 44, 5, '2021-01-29', '2021-02-04'),
(397, 44, 6, '2021-02-05', '2021-02-11'),
(398, 44, 7, '2021-02-12', '2021-02-18'),
(399, 44, 8, '2021-02-19', '2021-02-25'),
(400, 44, 9, '2021-02-26', '2021-03-04'),
(401, 44, 10, '2021-03-05', '2021-03-11'),
(402, 44, 11, '2021-03-12', '2021-03-18'),
(403, 44, 12, '2021-03-19', '2021-03-25'),
(404, 44, 13, '2021-03-26', '2021-03-31'),
(405, 45, 1, '2021-01-01', '2021-01-07'),
(406, 45, 2, '2021-01-08', '2021-01-14'),
(407, 45, 3, '2021-01-15', '2021-01-21'),
(408, 45, 4, '2021-01-22', '2021-01-28'),
(409, 45, 5, '2021-01-29', '2021-02-04'),
(410, 45, 6, '2021-02-05', '2021-02-11'),
(411, 45, 7, '2021-02-12', '2021-02-18'),
(412, 45, 8, '2021-02-19', '2021-02-25'),
(413, 45, 9, '2021-02-26', '2021-03-04'),
(414, 45, 10, '2021-03-05', '2021-03-11'),
(415, 45, 11, '2021-03-12', '2021-03-18'),
(416, 45, 12, '2021-03-19', '2021-03-25'),
(417, 45, 13, '2021-03-26', '2021-03-31'),
(418, 46, 1, '2021-01-01', '2021-01-07'),
(419, 46, 2, '2021-01-08', '2021-01-14'),
(420, 46, 3, '2021-01-15', '2021-01-21'),
(421, 46, 4, '2021-01-22', '2021-01-28'),
(422, 46, 5, '2021-01-29', '2021-02-04'),
(423, 46, 6, '2021-02-05', '2021-02-11'),
(424, 46, 7, '2021-02-12', '2021-02-18'),
(425, 46, 8, '2021-02-19', '2021-02-25'),
(426, 46, 9, '2021-02-26', '2021-03-04'),
(427, 46, 10, '2021-03-05', '2021-03-11'),
(428, 46, 11, '2021-03-12', '2021-03-18'),
(429, 46, 12, '2021-03-19', '2021-03-25'),
(430, 46, 13, '2021-03-26', '2021-03-31'),
(431, 47, 1, '2021-01-01', '2021-01-07'),
(432, 47, 2, '2021-01-08', '2021-01-14'),
(433, 47, 3, '2021-01-15', '2021-01-21'),
(434, 47, 4, '2021-01-22', '2021-01-28'),
(435, 47, 5, '2021-01-29', '2021-02-04'),
(436, 47, 6, '2021-02-05', '2021-02-11'),
(437, 47, 7, '2021-02-12', '2021-02-18'),
(438, 47, 8, '2021-02-19', '2021-02-25'),
(439, 47, 9, '2021-02-26', '2021-03-04'),
(440, 47, 10, '2021-03-05', '2021-03-11'),
(441, 47, 11, '2021-03-12', '2021-03-18'),
(442, 47, 12, '2021-03-19', '2021-03-25'),
(443, 47, 13, '2021-03-26', '2021-03-31'),
(444, 48, 1, '2021-01-01', '2021-01-07'),
(445, 48, 2, '2021-01-08', '2021-01-14'),
(446, 48, 3, '2021-01-15', '2021-01-21'),
(447, 48, 4, '2021-01-22', '2021-01-28'),
(448, 48, 5, '2021-01-29', '2021-02-04'),
(449, 48, 6, '2021-02-05', '2021-02-11'),
(450, 48, 7, '2021-02-12', '2021-02-18'),
(451, 48, 8, '2021-02-19', '2021-02-25'),
(452, 48, 9, '2021-02-26', '2021-03-04'),
(453, 48, 10, '2021-03-05', '2021-03-11'),
(454, 48, 11, '2021-03-12', '2021-03-18'),
(455, 48, 12, '2021-03-19', '2021-03-25'),
(456, 48, 13, '2021-03-26', '2021-03-31'),
(457, 49, 1, '2021-01-01', '2021-01-07'),
(458, 49, 2, '2021-01-08', '2021-01-14'),
(459, 49, 3, '2021-01-15', '2021-01-21'),
(460, 49, 4, '2021-01-22', '2021-01-28'),
(461, 49, 5, '2021-01-29', '2021-02-04'),
(462, 49, 6, '2021-02-05', '2021-02-11'),
(463, 49, 7, '2021-02-12', '2021-02-18'),
(464, 49, 8, '2021-02-19', '2021-02-25'),
(465, 49, 9, '2021-02-26', '2021-03-04'),
(466, 49, 10, '2021-03-05', '2021-03-11'),
(467, 49, 11, '2021-03-12', '2021-03-18'),
(468, 49, 12, '2021-03-19', '2021-03-25'),
(469, 49, 13, '2021-03-26', '2021-03-31'),
(470, 50, 1, '2021-01-01', '2021-01-07'),
(471, 50, 2, '2021-01-08', '2021-01-14'),
(472, 50, 3, '2021-01-15', '2021-01-21'),
(473, 50, 4, '2021-01-22', '2021-01-28'),
(474, 50, 5, '2021-01-29', '2021-02-04'),
(475, 50, 6, '2021-02-05', '2021-02-11'),
(476, 50, 7, '2021-02-12', '2021-02-18'),
(477, 50, 8, '2021-02-19', '2021-02-25'),
(478, 50, 9, '2021-02-26', '2021-03-04'),
(479, 50, 10, '2021-03-05', '2021-03-11'),
(480, 50, 11, '2021-03-12', '2021-03-18'),
(481, 50, 12, '2021-03-19', '2021-03-25'),
(482, 50, 13, '2021-03-26', '2021-03-31'),
(483, 51, 1, '2021-01-01', '2021-01-07'),
(484, 51, 2, '2021-01-08', '2021-01-14'),
(485, 51, 3, '2021-01-15', '2021-01-21'),
(486, 51, 4, '2021-01-22', '2021-01-28'),
(487, 51, 5, '2021-01-29', '2021-02-04'),
(488, 51, 6, '2021-02-05', '2021-02-11'),
(489, 51, 7, '2021-02-12', '2021-02-18'),
(490, 51, 8, '2021-02-19', '2021-02-25'),
(491, 51, 9, '2021-02-26', '2021-03-04'),
(492, 51, 10, '2021-03-05', '2021-03-11'),
(493, 51, 11, '2021-03-12', '2021-03-18'),
(494, 51, 12, '2021-03-19', '2021-03-25'),
(495, 51, 13, '2021-03-26', '2021-03-31');

-- --------------------------------------------------------

--
-- Table structure for table `carry_forwards`
--

CREATE TABLE `carry_forwards` (
  `CarryFowardId` int(11) NOT NULL,
  `StudentId` int(11) NOT NULL,
  `CarryForwardAmount` int(11) NOT NULL,
  `DateCarriedForward` datetime NOT NULL,
  `IsAdminCarryForward` int(11) DEFAULT NULL
) ENGINE=InnoDB DEFAULT CHARSET=latin1;

-- --------------------------------------------------------

--
-- Table structure for table `classes`
--

CREATE TABLE `classes` (
  `ClassId` int(11) NOT NULL,
  `LotId` int(11) NOT NULL,
  `ClassStreamId` int(11) NOT NULL,
  `RegisteredDate` datetime NOT NULL,
  `IsAdminClass` int(11) DEFAULT NULL
) ENGINE=InnoDB DEFAULT CHARSET=latin1;

-- --------------------------------------------------------

--
-- Table structure for table `class_fee_structures`
--

CREATE TABLE `class_fee_structures` (
  `ClassFeeStructureId` int(11) NOT NULL,
  `FeeStructureId` int(11) NOT NULL,
  `AcademicClassLevelId` int(11) NOT NULL
) ENGINE=InnoDB DEFAULT CHARSET=utf8;

-- --------------------------------------------------------

--
-- Table structure for table `class_fee_structure_breakdown`
--

CREATE TABLE `class_fee_structure_breakdown` (
  `ClassFeeStructureBreakDownId` int(11) NOT NULL,
  `ClassFeeStructureId` int(11) NOT NULL,
  `StudentResidenceId` int(11) NOT NULL,
  `TermIterationId` int(11) NOT NULL,
  `FeeAmount` int(11) NOT NULL
) ENGINE=InnoDB DEFAULT CHARSET=utf8;

-- --------------------------------------------------------

--
-- Table structure for table `class_fee_structure_components`
--

CREATE TABLE `class_fee_structure_components` (
  `ClassFeeStructureComponentId` int(11) NOT NULL,
  `ClassFeeStructureId` int(11) NOT NULL,
  `FeeComponentId` int(11) NOT NULL,
  `FeeComponentRatio` double NOT NULL
) ENGINE=InnoDB DEFAULT CHARSET=utf8;

-- --------------------------------------------------------

--
-- Table structure for table `class_streams`
--

CREATE TABLE `class_streams` (
  `ClassStreamId` int(11) NOT NULL,
  `ClassStreamName` varchar(9000) NOT NULL,
  `IsAdminClassStream` int(11) DEFAULT NULL
) ENGINE=InnoDB DEFAULT CHARSET=latin1;

-- --------------------------------------------------------

--
-- Table structure for table `correction_descriptions`
--

CREATE TABLE `correction_descriptions` (
  `CorrectionDescriptionId` int(11) NOT NULL,
  `CorrectionDescription` varchar(200) NOT NULL,
  `CorrectionDescriptionCode` int(11) NOT NULL
) ENGINE=InnoDB DEFAULT CHARSET=latin1;

-- --------------------------------------------------------

--
-- Table structure for table `fee_components`
--

CREATE TABLE `fee_components` (
  `FeeComponentId` int(11) NOT NULL,
  `FeeComponentDescription` varchar(500) NOT NULL
) ENGINE=InnoDB DEFAULT CHARSET=utf8;

--
-- Dumping data for table `fee_components`
--

INSERT INTO `fee_components` (`FeeComponentId`, `FeeComponentDescription`) VALUES
(1, 'Administration'),
(2, 'PE'),
(3, 'Lunch Scheme'),
(4, 'RMI');

-- --------------------------------------------------------

--
-- Table structure for table `fee_corrections`
--

CREATE TABLE `fee_corrections` (
  `FeeCorrectionId` int(11) NOT NULL,
  `SessionLogId` int(11) NOT NULL,
  `UserSessionActivityId` int(11) NOT NULL,
  `CorrectionDescriptionId` int(11) NOT NULL,
  `StudentId` int(11) NOT NULL,
  `PreviousTermBalance` int(11) NOT NULL,
  `PreviousAnnualBalance` int(11) NOT NULL,
  `PreviousTotal` int(11) NOT NULL,
  `NextTermBalance` int(11) NOT NULL,
  `NextAnnualBalance` int(11) NOT NULL,
  `NextTotal` int(11) NOT NULL,
  `CorrectionDate` datetime NOT NULL,
  `IsAdminFeeCorrection` int(11) DEFAULT NULL
) ENGINE=InnoDB DEFAULT CHARSET=latin1;

-- --------------------------------------------------------

--
-- Table structure for table `fee_statements`
--

CREATE TABLE `fee_statements` (
  `FeeStatementId` int(11) NOT NULL,
  `StudentId` int(11) NOT NULL,
  `CurrentYearTotal` int(11) DEFAULT '0',
  `AlternateTotal` int(11) NOT NULL,
  `CurrentTermBalance` int(11) DEFAULT '0',
  `AnnualBalance` int(11) DEFAULT '0',
  `StudentWorth` int(11) DEFAULT '0'
) ENGINE=InnoDB DEFAULT CHARSET=latin1;

-- --------------------------------------------------------

--
-- Table structure for table `fee_structures`
--

CREATE TABLE `fee_structures` (
  `FeeStructureId` int(11) NOT NULL,
  `UserId` int(11) NOT NULL,
  `FeeStructureDescription` varchar(200) NOT NULL,
  `DateCreated` datetime NOT NULL,
  `IsCurrentFeeStructure` int(11) NOT NULL,
  `IsProspect` int(11) NOT NULL
) ENGINE=InnoDB DEFAULT CHARSET=utf8;

-- --------------------------------------------------------

--
-- Table structure for table `gender`
--

CREATE TABLE `gender` (
  `GenderId` int(11) NOT NULL,
  `GenderDescription` varchar(100) NOT NULL,
  `GenderCode` int(11) NOT NULL
) ENGINE=InnoDB DEFAULT CHARSET=latin1;

-- --------------------------------------------------------

--
-- Table structure for table `installments`
--

CREATE TABLE `installments` (
  `InstallmentId` int(11) NOT NULL,
  `StudentId` int(11) NOT NULL,
  `InstallmentAmount` int(11) NOT NULL,
  `InstallmentDate` datetime NOT NULL,
  `IsCarryForward` int(11) NOT NULL,
  `SessionLogId` int(11) NOT NULL,
  `UserSessionActivityId` int(11) NOT NULL,
  `InstallmentYear` year(4) NOT NULL,
  `IsAdminInstallment` int(11) DEFAULT NULL
) ENGINE=InnoDB DEFAULT CHARSET=latin1;

-- --------------------------------------------------------

--
-- Table structure for table `lots`
--

CREATE TABLE `lots` (
  `LotId` int(11) NOT NULL,
  `LotDescriptionId` int(11) NOT NULL,
  `AcademicClassLevelId` int(11) NOT NULL,
  `RegisteredDate` datetime NOT NULL,
  `IsAdminLot` int(11) DEFAULT NULL
) ENGINE=InnoDB DEFAULT CHARSET=latin1;

-- --------------------------------------------------------

--
-- Table structure for table `lot_descriptions`
--

CREATE TABLE `lot_descriptions` (
  `LotDescriptionId` int(11) NOT NULL,
  `LotDescription` varchar(9000) NOT NULL,
  `IsAdminLotDescription` int(11) NOT NULL
) ENGINE=InnoDB DEFAULT CHARSET=latin1;

-- --------------------------------------------------------

--
-- Table structure for table `roles`
--

CREATE TABLE `roles` (
  `RoleId` int(11) NOT NULL,
  `RoleDescription` varchar(9000) NOT NULL,
  `RoleCode` int(11) NOT NULL
) ENGINE=InnoDB DEFAULT CHARSET=latin1;

-- --------------------------------------------------------

--
-- Table structure for table `session_activities`
--

CREATE TABLE `session_activities` (
  `SessionActivityId` int(11) NOT NULL,
  `SessionActivityDescription` varchar(200) NOT NULL,
  `SessionActivityCode` int(11) NOT NULL
) ENGINE=InnoDB DEFAULT CHARSET=latin1;

-- --------------------------------------------------------

--
-- Table structure for table `session_logs`
--

CREATE TABLE `session_logs` (
  `SessionLogId` int(11) NOT NULL,
  `UserId` int(11) NOT NULL,
  `SessionStartDate` datetime NOT NULL,
  `SessionEndDate` datetime DEFAULT NULL,
  `IsAdminSessionLog` int(11) DEFAULT NULL
) ENGINE=InnoDB DEFAULT CHARSET=latin1;

-- --------------------------------------------------------

--
-- Table structure for table `students`
--

CREATE TABLE `students` (
  `StudentId` int(11) NOT NULL,
  `AdmissionNo` varchar(200) NOT NULL,
  `StudentName` varchar(200) DEFAULT NULL,
  `GenderId` int(11) NOT NULL,
  `StudentDOB` date NOT NULL,
  `StudentResidenceId` int(11) NOT NULL,
  `ClassId` int(11) DEFAULT NULL,
  `AdmissionDate` datetime NOT NULL,
  `ProfPicName` varchar(900) NOT NULL,
  `IsAnAdminStudent` int(11) DEFAULT NULL
) ENGINE=InnoDB DEFAULT CHARSET=latin1;

-- --------------------------------------------------------

--
-- Table structure for table `student_fee_components`
--

CREATE TABLE `student_fee_components` (
  `StudentFeeComponentId` int(11) NOT NULL,
  `StudentId` int(11) NOT NULL,
  `ClassFeeStructureComponentId` int(11) NOT NULL,
  `ComponentFeeAmount` int(11) NOT NULL
) ENGINE=InnoDB DEFAULT CHARSET=utf8;

-- --------------------------------------------------------

--
-- Table structure for table `student_registration`
--

CREATE TABLE `student_registration` (
  `StudentRegistrationId` int(11) NOT NULL,
  `SessionLogId` int(11) NOT NULL,
  `UserSessionActivityId` int(11) NOT NULL,
  `StudentId` int(11) NOT NULL,
  `StudentRegistrationDate` datetime NOT NULL
) ENGINE=InnoDB DEFAULT CHARSET=latin1;

-- --------------------------------------------------------

--
-- Table structure for table `student_residence`
--

CREATE TABLE `student_residence` (
  `StudentResidenceId` int(11) NOT NULL,
  `StudentResidenceDescription` varchar(100) NOT NULL,
  `StudentResidenceCode` int(11) NOT NULL
) ENGINE=InnoDB DEFAULT CHARSET=latin1;

-- --------------------------------------------------------

--
-- Table structure for table `system_configuration`
--

CREATE TABLE `system_configuration` (
  `SystemConfigurationId` int(11) NOT NULL,
  `SystemConfigurationDescription` varchar(100) NOT NULL,
  `SystemConfigurationCode` int(11) NOT NULL
) ENGINE=InnoDB DEFAULT CHARSET=utf8;

-- --------------------------------------------------------

--
-- Table structure for table `term_iterations`
--

CREATE TABLE `term_iterations` (
  `TermIterationId` int(11) NOT NULL,
  `TermIterationDescription` varchar(9000) NOT NULL
) ENGINE=InnoDB DEFAULT CHARSET=latin1;

--
-- Dumping data for table `term_iterations`
--

INSERT INTO `term_iterations` (`TermIterationId`, `TermIterationDescription`) VALUES
(1, 'Term One'),
(2, 'Term Two'),
(3, 'Term Three');

-- --------------------------------------------------------

--
-- Table structure for table `transactions`
--

CREATE TABLE `transactions` (
  `TransactionId` int(11) NOT NULL,
  `SessionLogId` int(11) NOT NULL,
  `UserSessionActivityId` int(11) NOT NULL,
  `TransactionDescriptionId` int(11) NOT NULL,
  `StudentId` int(11) NOT NULL,
  `InstallmentId` int(11) DEFAULT NULL,
  `CarryFowardId` int(11) DEFAULT NULL,
  `FeeCorrectionId` int(11) DEFAULT NULL,
  `PreviousTermBalance` int(11) NOT NULL,
  `PreviousAnnualBalance` int(11) NOT NULL,
  `PreviousTotal` int(11) NOT NULL,
  `NextTermBalance` int(11) NOT NULL,
  `NextAnnualBalance` int(11) NOT NULL,
  `NextTotal` int(11) NOT NULL,
  `TransactionDate` datetime NOT NULL
) ENGINE=InnoDB DEFAULT CHARSET=latin1;

-- --------------------------------------------------------

--
-- Table structure for table `transaction_descriptions`
--

CREATE TABLE `transaction_descriptions` (
  `TransactionDescriptionId` int(11) NOT NULL,
  `TransactionDescription` varchar(200) NOT NULL,
  `TransactionDescriptionCode` int(11) NOT NULL
) ENGINE=InnoDB DEFAULT CHARSET=latin1;

-- --------------------------------------------------------

--
-- Table structure for table `users`
--

CREATE TABLE `users` (
  `UserId` int(11) NOT NULL,
  `Name` varchar(50) NOT NULL,
  `Email` varchar(100) NOT NULL,
  `GenderId` int(11) NOT NULL,
  `EncryptedPassword` varchar(9000) NOT NULL,
  `RegisteredDate` datetime NOT NULL,
  `IsAdminUser` int(11) DEFAULT NULL
) ENGINE=InnoDB DEFAULT CHARSET=latin1;

-- --------------------------------------------------------

--
-- Table structure for table `user_access_privileges`
--

CREATE TABLE `user_access_privileges` (
  `UserAccessPrivilegeId` int(11) NOT NULL,
  `UserRoleId` int(11) NOT NULL,
  `AccessPrivilegeId` int(11) NOT NULL,
  `PermisionStatus` int(11) NOT NULL
) ENGINE=InnoDB DEFAULT CHARSET=latin1;

-- --------------------------------------------------------

--
-- Table structure for table `user_roles`
--

CREATE TABLE `user_roles` (
  `UserRoleId` int(11) NOT NULL,
  `UserId` int(11) NOT NULL,
  `RoleId` int(11) NOT NULL,
  `ConfirmationStatus` int(11) NOT NULL
) ENGINE=InnoDB DEFAULT CHARSET=latin1;

-- --------------------------------------------------------

--
-- Table structure for table `user_session_activities`
--

CREATE TABLE `user_session_activities` (
  `UserSessionActivityId` int(11) NOT NULL,
  `SessionLogId` int(11) NOT NULL,
  `SessionActivityId` int(11) NOT NULL,
  `SessionActivityDate` datetime NOT NULL,
  `IsAdminUserSessionActivity` int(11) DEFAULT NULL
) ENGINE=InnoDB DEFAULT CHARSET=latin1;

-- --------------------------------------------------------

--
-- Table structure for table `week_iterations`
--

CREATE TABLE `week_iterations` (
  `WeekIterationId` int(11) NOT NULL,
  `WeekIterationDescription` varchar(9000) NOT NULL
) ENGINE=InnoDB DEFAULT CHARSET=latin1;

--
-- Dumping data for table `week_iterations`
--

INSERT INTO `week_iterations` (`WeekIterationId`, `WeekIterationDescription`) VALUES
(1, 'Week 1'),
(2, 'Week 2'),
(3, 'Week 3'),
(4, 'Week 4'),
(5, 'Week 5'),
(6, 'Week 6'),
(7, 'Week 7'),
(8, 'Week 8'),
(9, 'Week 9'),
(10, 'Week 10'),
(11, 'Week 11'),
(12, 'Week 12'),
(13, 'Week 13'),
(14, 'Week 14');

--
-- Indexes for dumped tables
--

--
-- Indexes for table `academic_class_levels`
--
ALTER TABLE `academic_class_levels`
  ADD PRIMARY KEY (`AcademicClassLevelId`);

--
-- Indexes for table `access_privileges`
--
ALTER TABLE `access_privileges`
  ADD PRIMARY KEY (`AccessPrivilegeId`);

--
-- Indexes for table `actual_terms`
--
ALTER TABLE `actual_terms`
  ADD PRIMARY KEY (`TermId`),
  ADD KEY `TermIterationId` (`TermIterationId`);

--
-- Indexes for table `actual_weeks`
--
ALTER TABLE `actual_weeks`
  ADD PRIMARY KEY (`ActualWeekId`),
  ADD KEY `TermId` (`TermId`),
  ADD KEY `WeekIterationId` (`WeekIterationId`);

--
-- Indexes for table `carry_forwards`
--
ALTER TABLE `carry_forwards`
  ADD PRIMARY KEY (`CarryFowardId`),
  ADD KEY `StudentId` (`StudentId`);

--
-- Indexes for table `classes`
--
ALTER TABLE `classes`
  ADD PRIMARY KEY (`ClassId`),
  ADD KEY `LotId` (`LotId`),
  ADD KEY `ClassStreamId` (`ClassStreamId`);

--
-- Indexes for table `class_fee_structures`
--
ALTER TABLE `class_fee_structures`
  ADD PRIMARY KEY (`ClassFeeStructureId`),
  ADD KEY `FeeStructureId` (`FeeStructureId`),
  ADD KEY `AcademicClassLevelId` (`AcademicClassLevelId`);

--
-- Indexes for table `class_fee_structure_breakdown`
--
ALTER TABLE `class_fee_structure_breakdown`
  ADD PRIMARY KEY (`ClassFeeStructureBreakDownId`),
  ADD KEY `ClassFeeStructureId` (`ClassFeeStructureId`),
  ADD KEY `TermIterationId` (`TermIterationId`),
  ADD KEY `StudentResidenceId` (`StudentResidenceId`);

--
-- Indexes for table `class_fee_structure_components`
--
ALTER TABLE `class_fee_structure_components`
  ADD PRIMARY KEY (`ClassFeeStructureComponentId`),
  ADD KEY `ClassFeeStructureId` (`ClassFeeStructureId`),
  ADD KEY `FeeComponentId` (`FeeComponentId`);

--
-- Indexes for table `class_streams`
--
ALTER TABLE `class_streams`
  ADD PRIMARY KEY (`ClassStreamId`);

--
-- Indexes for table `correction_descriptions`
--
ALTER TABLE `correction_descriptions`
  ADD PRIMARY KEY (`CorrectionDescriptionId`);

--
-- Indexes for table `fee_components`
--
ALTER TABLE `fee_components`
  ADD PRIMARY KEY (`FeeComponentId`);

--
-- Indexes for table `fee_corrections`
--
ALTER TABLE `fee_corrections`
  ADD PRIMARY KEY (`FeeCorrectionId`),
  ADD KEY `CorrectionDescriptionId` (`CorrectionDescriptionId`),
  ADD KEY `SessionLogId` (`SessionLogId`),
  ADD KEY `ActualSessionActivityId` (`UserSessionActivityId`),
  ADD KEY `StudentId` (`StudentId`);

--
-- Indexes for table `fee_statements`
--
ALTER TABLE `fee_statements`
  ADD PRIMARY KEY (`FeeStatementId`),
  ADD KEY `StudentId` (`StudentId`);

--
-- Indexes for table `fee_structures`
--
ALTER TABLE `fee_structures`
  ADD PRIMARY KEY (`FeeStructureId`),
  ADD KEY `UserId` (`UserId`);

--
-- Indexes for table `gender`
--
ALTER TABLE `gender`
  ADD PRIMARY KEY (`GenderId`);

--
-- Indexes for table `installments`
--
ALTER TABLE `installments`
  ADD PRIMARY KEY (`InstallmentId`),
  ADD KEY `SessionLogId` (`SessionLogId`),
  ADD KEY `ActualSessionActivityId` (`UserSessionActivityId`),
  ADD KEY `StudentId` (`StudentId`);

--
-- Indexes for table `lots`
--
ALTER TABLE `lots`
  ADD PRIMARY KEY (`LotId`),
  ADD KEY `AcademicClassLevelId` (`AcademicClassLevelId`),
  ADD KEY `LotDescriptionId` (`LotDescriptionId`);

--
-- Indexes for table `lot_descriptions`
--
ALTER TABLE `lot_descriptions`
  ADD PRIMARY KEY (`LotDescriptionId`);

--
-- Indexes for table `roles`
--
ALTER TABLE `roles`
  ADD PRIMARY KEY (`RoleId`);

--
-- Indexes for table `session_activities`
--
ALTER TABLE `session_activities`
  ADD PRIMARY KEY (`SessionActivityId`);

--
-- Indexes for table `session_logs`
--
ALTER TABLE `session_logs`
  ADD PRIMARY KEY (`SessionLogId`),
  ADD KEY `UserId` (`UserId`);

--
-- Indexes for table `students`
--
ALTER TABLE `students`
  ADD PRIMARY KEY (`StudentId`),
  ADD UNIQUE KEY `AdmissionNo` (`AdmissionNo`),
  ADD KEY `ClassId` (`ClassId`),
  ADD KEY `StudentTypeId` (`StudentResidenceId`),
  ADD KEY `GenderId` (`GenderId`);

--
-- Indexes for table `student_fee_components`
--
ALTER TABLE `student_fee_components`
  ADD PRIMARY KEY (`StudentFeeComponentId`),
  ADD KEY `StudentId` (`StudentId`);

--
-- Indexes for table `student_registration`
--
ALTER TABLE `student_registration`
  ADD PRIMARY KEY (`StudentRegistrationId`),
  ADD KEY `SessionLogId` (`SessionLogId`),
  ADD KEY `ActualSessionActivityId` (`UserSessionActivityId`),
  ADD KEY `StudentId` (`StudentId`);

--
-- Indexes for table `student_residence`
--
ALTER TABLE `student_residence`
  ADD PRIMARY KEY (`StudentResidenceId`);

--
-- Indexes for table `system_configuration`
--
ALTER TABLE `system_configuration`
  ADD PRIMARY KEY (`SystemConfigurationId`);

--
-- Indexes for table `term_iterations`
--
ALTER TABLE `term_iterations`
  ADD PRIMARY KEY (`TermIterationId`);

--
-- Indexes for table `transactions`
--
ALTER TABLE `transactions`
  ADD PRIMARY KEY (`TransactionId`),
  ADD KEY `SessionLogId` (`SessionLogId`),
  ADD KEY `ActualSessionActivityId` (`UserSessionActivityId`),
  ADD KEY `TransactionDescriptionId` (`TransactionDescriptionId`),
  ADD KEY `InstallmentId` (`InstallmentId`),
  ADD KEY `FeeCorrectionId` (`FeeCorrectionId`),
  ADD KEY `CarryFowardId` (`CarryFowardId`),
  ADD KEY `StudentId` (`StudentId`);

--
-- Indexes for table `transaction_descriptions`
--
ALTER TABLE `transaction_descriptions`
  ADD PRIMARY KEY (`TransactionDescriptionId`);

--
-- Indexes for table `users`
--
ALTER TABLE `users`
  ADD PRIMARY KEY (`UserId`),
  ADD UNIQUE KEY `email` (`Email`),
  ADD KEY `GenderId` (`GenderId`);

--
-- Indexes for table `user_access_privileges`
--
ALTER TABLE `user_access_privileges`
  ADD PRIMARY KEY (`UserAccessPrivilegeId`),
  ADD KEY `AccessPrivilegeId` (`AccessPrivilegeId`),
  ADD KEY `UserRoleId` (`UserRoleId`);

--
-- Indexes for table `user_roles`
--
ALTER TABLE `user_roles`
  ADD PRIMARY KEY (`UserRoleId`),
  ADD KEY `UserId` (`UserId`),
  ADD KEY `RoleId` (`RoleId`);

--
-- Indexes for table `user_session_activities`
--
ALTER TABLE `user_session_activities`
  ADD PRIMARY KEY (`UserSessionActivityId`),
  ADD KEY `SessionLogId` (`SessionLogId`),
  ADD KEY `SessionActivityId` (`SessionActivityId`);

--
-- Indexes for table `week_iterations`
--
ALTER TABLE `week_iterations`
  ADD PRIMARY KEY (`WeekIterationId`);

--
-- AUTO_INCREMENT for dumped tables
--

--
-- AUTO_INCREMENT for table `academic_class_levels`
--
ALTER TABLE `academic_class_levels`
  MODIFY `AcademicClassLevelId` int(11) NOT NULL AUTO_INCREMENT, AUTO_INCREMENT=9;

--
-- AUTO_INCREMENT for table `access_privileges`
--
ALTER TABLE `access_privileges`
  MODIFY `AccessPrivilegeId` int(11) NOT NULL AUTO_INCREMENT, AUTO_INCREMENT=25;

--
-- AUTO_INCREMENT for table `actual_terms`
--
ALTER TABLE `actual_terms`
  MODIFY `TermId` int(11) NOT NULL AUTO_INCREMENT, AUTO_INCREMENT=52;

--
-- AUTO_INCREMENT for table `actual_weeks`
--
ALTER TABLE `actual_weeks`
  MODIFY `ActualWeekId` int(11) NOT NULL AUTO_INCREMENT, AUTO_INCREMENT=496;

--
-- AUTO_INCREMENT for table `carry_forwards`
--
ALTER TABLE `carry_forwards`
  MODIFY `CarryFowardId` int(11) NOT NULL AUTO_INCREMENT, AUTO_INCREMENT=3;

--
-- AUTO_INCREMENT for table `classes`
--
ALTER TABLE `classes`
  MODIFY `ClassId` int(11) NOT NULL AUTO_INCREMENT, AUTO_INCREMENT=6;

--
-- AUTO_INCREMENT for table `class_fee_structures`
--
ALTER TABLE `class_fee_structures`
  MODIFY `ClassFeeStructureId` int(11) NOT NULL AUTO_INCREMENT, AUTO_INCREMENT=2;

--
-- AUTO_INCREMENT for table `class_fee_structure_breakdown`
--
ALTER TABLE `class_fee_structure_breakdown`
  MODIFY `ClassFeeStructureBreakDownId` int(11) NOT NULL AUTO_INCREMENT, AUTO_INCREMENT=10;

--
-- AUTO_INCREMENT for table `class_fee_structure_components`
--
ALTER TABLE `class_fee_structure_components`
  MODIFY `ClassFeeStructureComponentId` int(11) NOT NULL AUTO_INCREMENT, AUTO_INCREMENT=4;

--
-- AUTO_INCREMENT for table `class_streams`
--
ALTER TABLE `class_streams`
  MODIFY `ClassStreamId` int(11) NOT NULL AUTO_INCREMENT, AUTO_INCREMENT=6;

--
-- AUTO_INCREMENT for table `correction_descriptions`
--
ALTER TABLE `correction_descriptions`
  MODIFY `CorrectionDescriptionId` int(11) NOT NULL AUTO_INCREMENT, AUTO_INCREMENT=8;

--
-- AUTO_INCREMENT for table `fee_components`
--
ALTER TABLE `fee_components`
  MODIFY `FeeComponentId` int(11) NOT NULL AUTO_INCREMENT, AUTO_INCREMENT=5;

--
-- AUTO_INCREMENT for table `fee_corrections`
--
ALTER TABLE `fee_corrections`
  MODIFY `FeeCorrectionId` int(11) NOT NULL AUTO_INCREMENT, AUTO_INCREMENT=3;

--
-- AUTO_INCREMENT for table `fee_statements`
--
ALTER TABLE `fee_statements`
  MODIFY `FeeStatementId` int(11) NOT NULL AUTO_INCREMENT, AUTO_INCREMENT=14;

--
-- AUTO_INCREMENT for table `fee_structures`
--
ALTER TABLE `fee_structures`
  MODIFY `FeeStructureId` int(11) NOT NULL AUTO_INCREMENT, AUTO_INCREMENT=4;

--
-- AUTO_INCREMENT for table `gender`
--
ALTER TABLE `gender`
  MODIFY `GenderId` int(11) NOT NULL AUTO_INCREMENT, AUTO_INCREMENT=15;

--
-- AUTO_INCREMENT for table `installments`
--
ALTER TABLE `installments`
  MODIFY `InstallmentId` int(11) NOT NULL AUTO_INCREMENT, AUTO_INCREMENT=59;

--
-- AUTO_INCREMENT for table `lots`
--
ALTER TABLE `lots`
  MODIFY `LotId` int(11) NOT NULL AUTO_INCREMENT, AUTO_INCREMENT=6;

--
-- AUTO_INCREMENT for table `lot_descriptions`
--
ALTER TABLE `lot_descriptions`
  MODIFY `LotDescriptionId` int(11) NOT NULL AUTO_INCREMENT, AUTO_INCREMENT=7;

--
-- AUTO_INCREMENT for table `roles`
--
ALTER TABLE `roles`
  MODIFY `RoleId` int(11) NOT NULL AUTO_INCREMENT, AUTO_INCREMENT=9;

--
-- AUTO_INCREMENT for table `session_activities`
--
ALTER TABLE `session_activities`
  MODIFY `SessionActivityId` int(11) NOT NULL AUTO_INCREMENT, AUTO_INCREMENT=29;

--
-- AUTO_INCREMENT for table `session_logs`
--
ALTER TABLE `session_logs`
  MODIFY `SessionLogId` int(11) NOT NULL AUTO_INCREMENT, AUTO_INCREMENT=366;

--
-- AUTO_INCREMENT for table `students`
--
ALTER TABLE `students`
  MODIFY `StudentId` int(11) NOT NULL AUTO_INCREMENT, AUTO_INCREMENT=31;

--
-- AUTO_INCREMENT for table `student_fee_components`
--
ALTER TABLE `student_fee_components`
  MODIFY `StudentFeeComponentId` int(11) NOT NULL AUTO_INCREMENT, AUTO_INCREMENT=40;

--
-- AUTO_INCREMENT for table `student_registration`
--
ALTER TABLE `student_registration`
  MODIFY `StudentRegistrationId` int(11) NOT NULL AUTO_INCREMENT, AUTO_INCREMENT=9;

--
-- AUTO_INCREMENT for table `student_residence`
--
ALTER TABLE `student_residence`
  MODIFY `StudentResidenceId` int(11) NOT NULL AUTO_INCREMENT, AUTO_INCREMENT=9;

--
-- AUTO_INCREMENT for table `system_configuration`
--
ALTER TABLE `system_configuration`
  MODIFY `SystemConfigurationId` int(11) NOT NULL AUTO_INCREMENT;

--
-- AUTO_INCREMENT for table `term_iterations`
--
ALTER TABLE `term_iterations`
  MODIFY `TermIterationId` int(11) NOT NULL AUTO_INCREMENT, AUTO_INCREMENT=4;

--
-- AUTO_INCREMENT for table `transactions`
--
ALTER TABLE `transactions`
  MODIFY `TransactionId` int(11) NOT NULL AUTO_INCREMENT;

--
-- AUTO_INCREMENT for table `transaction_descriptions`
--
ALTER TABLE `transaction_descriptions`
  MODIFY `TransactionDescriptionId` int(11) NOT NULL AUTO_INCREMENT, AUTO_INCREMENT=31;

--
-- AUTO_INCREMENT for table `users`
--
ALTER TABLE `users`
  MODIFY `UserId` int(11) NOT NULL AUTO_INCREMENT, AUTO_INCREMENT=20;

--
-- AUTO_INCREMENT for table `user_access_privileges`
--
ALTER TABLE `user_access_privileges`
  MODIFY `UserAccessPrivilegeId` int(11) NOT NULL AUTO_INCREMENT, AUTO_INCREMENT=65;

--
-- AUTO_INCREMENT for table `user_roles`
--
ALTER TABLE `user_roles`
  MODIFY `UserRoleId` int(11) NOT NULL AUTO_INCREMENT, AUTO_INCREMENT=25;

--
-- AUTO_INCREMENT for table `user_session_activities`
--
ALTER TABLE `user_session_activities`
  MODIFY `UserSessionActivityId` int(11) NOT NULL AUTO_INCREMENT, AUTO_INCREMENT=431;

--
-- AUTO_INCREMENT for table `week_iterations`
--
ALTER TABLE `week_iterations`
  MODIFY `WeekIterationId` int(11) NOT NULL AUTO_INCREMENT, AUTO_INCREMENT=15;

--
-- Constraints for dumped tables
--

--
-- Constraints for table `actual_terms`
--
ALTER TABLE `actual_terms`
  ADD CONSTRAINT `actual_terms_ibfk_1` FOREIGN KEY (`TermIterationId`) REFERENCES `term_iterations` (`TermIterationId`) ON DELETE CASCADE ON UPDATE CASCADE;

--
-- Constraints for table `actual_weeks`
--
ALTER TABLE `actual_weeks`
  ADD CONSTRAINT `actual_weeks_ibfk_1` FOREIGN KEY (`TermId`) REFERENCES `actual_terms` (`TermId`) ON DELETE CASCADE ON UPDATE CASCADE,
  ADD CONSTRAINT `actual_weeks_ibfk_2` FOREIGN KEY (`WeekIterationId`) REFERENCES `week_iterations` (`WeekIterationId`) ON DELETE CASCADE ON UPDATE CASCADE;

--
-- Constraints for table `carry_forwards`
--
ALTER TABLE `carry_forwards`
  ADD CONSTRAINT `carry_forwards_ibfk_1` FOREIGN KEY (`StudentId`) REFERENCES `students` (`StudentId`);

--
-- Constraints for table `classes`
--
ALTER TABLE `classes`
  ADD CONSTRAINT `classes_ibfk_1` FOREIGN KEY (`LotId`) REFERENCES `lots` (`LotId`) ON DELETE CASCADE ON UPDATE CASCADE,
  ADD CONSTRAINT `classes_ibfk_2` FOREIGN KEY (`ClassStreamId`) REFERENCES `class_streams` (`ClassStreamId`) ON DELETE CASCADE ON UPDATE CASCADE;

--
-- Constraints for table `class_fee_structures`
--
ALTER TABLE `class_fee_structures`
  ADD CONSTRAINT `class_fee_structures_ibfk_1` FOREIGN KEY (`FeeStructureId`) REFERENCES `fee_structures` (`FeeStructureId`),
  ADD CONSTRAINT `class_fee_structures_ibfk_2` FOREIGN KEY (`AcademicClassLevelId`) REFERENCES `academic_class_levels` (`AcademicClassLevelId`);

--
-- Constraints for table `class_fee_structure_breakdown`
--
ALTER TABLE `class_fee_structure_breakdown`
  ADD CONSTRAINT `class_fee_structure_breakdown_ibfk_1` FOREIGN KEY (`ClassFeeStructureId`) REFERENCES `class_fee_structures` (`ClassFeeStructureId`),
  ADD CONSTRAINT `class_fee_structure_breakdown_ibfk_2` FOREIGN KEY (`TermIterationId`) REFERENCES `term_iterations` (`TermIterationId`),
  ADD CONSTRAINT `class_fee_structure_breakdown_ibfk_3` FOREIGN KEY (`StudentResidenceId`) REFERENCES `student_residence` (`StudentResidenceId`);

--
-- Constraints for table `class_fee_structure_components`
--
ALTER TABLE `class_fee_structure_components`
  ADD CONSTRAINT `class_fee_structure_components_ibfk_1` FOREIGN KEY (`ClassFeeStructureId`) REFERENCES `class_fee_structures` (`ClassFeeStructureId`),
  ADD CONSTRAINT `class_fee_structure_components_ibfk_2` FOREIGN KEY (`FeeComponentId`) REFERENCES `fee_components` (`FeeComponentId`);

--
-- Constraints for table `fee_corrections`
--
ALTER TABLE `fee_corrections`
  ADD CONSTRAINT `fee_corrections_ibfk_1` FOREIGN KEY (`CorrectionDescriptionId`) REFERENCES `correction_descriptions` (`CorrectionDescriptionId`),
  ADD CONSTRAINT `fee_corrections_ibfk_2` FOREIGN KEY (`SessionLogId`) REFERENCES `session_logs` (`SessionLogId`),
  ADD CONSTRAINT `fee_corrections_ibfk_3` FOREIGN KEY (`UserSessionActivityId`) REFERENCES `user_session_activities` (`UserSessionActivityId`),
  ADD CONSTRAINT `fee_corrections_ibfk_4` FOREIGN KEY (`StudentId`) REFERENCES `students` (`StudentId`);

--
-- Constraints for table `fee_statements`
--
ALTER TABLE `fee_statements`
  ADD CONSTRAINT `fee_statements_ibfk_1` FOREIGN KEY (`StudentId`) REFERENCES `students` (`StudentId`);

--
-- Constraints for table `fee_structures`
--
ALTER TABLE `fee_structures`
  ADD CONSTRAINT `fee_structures_ibfk_1` FOREIGN KEY (`UserId`) REFERENCES `users` (`UserId`);

--
-- Constraints for table `installments`
--
ALTER TABLE `installments`
  ADD CONSTRAINT `installments_ibfk_3` FOREIGN KEY (`SessionLogId`) REFERENCES `session_logs` (`SessionLogId`),
  ADD CONSTRAINT `installments_ibfk_4` FOREIGN KEY (`UserSessionActivityId`) REFERENCES `user_session_activities` (`UserSessionActivityId`),
  ADD CONSTRAINT `installments_ibfk_5` FOREIGN KEY (`StudentId`) REFERENCES `students` (`StudentId`);

--
-- Constraints for table `lots`
--
ALTER TABLE `lots`
  ADD CONSTRAINT `lots_ibfk_1` FOREIGN KEY (`AcademicClassLevelId`) REFERENCES `academic_class_levels` (`AcademicClassLevelId`) ON DELETE CASCADE ON UPDATE CASCADE,
  ADD CONSTRAINT `lots_ibfk_2` FOREIGN KEY (`LotDescriptionId`) REFERENCES `lot_descriptions` (`LotDescriptionId`) ON DELETE CASCADE ON UPDATE CASCADE,
  ADD CONSTRAINT `lots_ibfk_3` FOREIGN KEY (`LotDescriptionId`) REFERENCES `lot_descriptions` (`LotDescriptionId`) ON DELETE CASCADE ON UPDATE CASCADE;

--
-- Constraints for table `session_logs`
--
ALTER TABLE `session_logs`
  ADD CONSTRAINT `session_logs_ibfk_1` FOREIGN KEY (`UserId`) REFERENCES `users` (`UserId`) ON DELETE CASCADE ON UPDATE CASCADE;

--
-- Constraints for table `students`
--
ALTER TABLE `students`
  ADD CONSTRAINT `students_ibfk_1` FOREIGN KEY (`ClassId`) REFERENCES `classes` (`ClassId`) ON DELETE CASCADE ON UPDATE CASCADE,
  ADD CONSTRAINT `students_ibfk_2` FOREIGN KEY (`StudentResidenceId`) REFERENCES `student_residence` (`StudentResidenceId`) ON DELETE CASCADE ON UPDATE CASCADE,
  ADD CONSTRAINT `students_ibfk_3` FOREIGN KEY (`GenderId`) REFERENCES `gender` (`GenderId`);

--
-- Constraints for table `student_fee_components`
--
ALTER TABLE `student_fee_components`
  ADD CONSTRAINT `student_fee_components_ibfk_1` FOREIGN KEY (`StudentId`) REFERENCES `students` (`StudentId`);

--
-- Constraints for table `student_registration`
--
ALTER TABLE `student_registration`
  ADD CONSTRAINT `student_registration_ibfk_1` FOREIGN KEY (`SessionLogId`) REFERENCES `session_logs` (`SessionLogId`),
  ADD CONSTRAINT `student_registration_ibfk_2` FOREIGN KEY (`UserSessionActivityId`) REFERENCES `user_session_activities` (`UserSessionActivityId`),
  ADD CONSTRAINT `student_registration_ibfk_3` FOREIGN KEY (`StudentId`) REFERENCES `students` (`StudentId`);

--
-- Constraints for table `transactions`
--
ALTER TABLE `transactions`
  ADD CONSTRAINT `transactions_ibfk_1` FOREIGN KEY (`SessionLogId`) REFERENCES `session_logs` (`SessionLogId`),
  ADD CONSTRAINT `transactions_ibfk_2` FOREIGN KEY (`UserSessionActivityId`) REFERENCES `user_session_activities` (`UserSessionActivityId`),
  ADD CONSTRAINT `transactions_ibfk_4` FOREIGN KEY (`TransactionDescriptionId`) REFERENCES `transaction_descriptions` (`TransactionDescriptionId`),
  ADD CONSTRAINT `transactions_ibfk_5` FOREIGN KEY (`InstallmentId`) REFERENCES `installments` (`InstallmentId`),
  ADD CONSTRAINT `transactions_ibfk_6` FOREIGN KEY (`FeeCorrectionId`) REFERENCES `fee_corrections` (`FeeCorrectionId`),
  ADD CONSTRAINT `transactions_ibfk_7` FOREIGN KEY (`CarryFowardId`) REFERENCES `carry_forwards` (`CarryFowardId`),
  ADD CONSTRAINT `transactions_ibfk_8` FOREIGN KEY (`StudentId`) REFERENCES `students` (`StudentId`);

--
-- Constraints for table `users`
--
ALTER TABLE `users`
  ADD CONSTRAINT `users_ibfk_1` FOREIGN KEY (`GenderId`) REFERENCES `gender` (`GenderId`);

--
-- Constraints for table `user_access_privileges`
--
ALTER TABLE `user_access_privileges`
  ADD CONSTRAINT `user_access_privileges_ibfk_1` FOREIGN KEY (`AccessPrivilegeId`) REFERENCES `access_privileges` (`AccessPrivilegeId`),
  ADD CONSTRAINT `user_access_privileges_ibfk_2` FOREIGN KEY (`UserRoleId`) REFERENCES `user_roles` (`UserRoleId`);

--
-- Constraints for table `user_roles`
--
ALTER TABLE `user_roles`
  ADD CONSTRAINT `user_roles_ibfk_1` FOREIGN KEY (`UserId`) REFERENCES `users` (`UserId`) ON DELETE CASCADE ON UPDATE CASCADE,
  ADD CONSTRAINT `user_roles_ibfk_2` FOREIGN KEY (`RoleId`) REFERENCES `roles` (`RoleId`) ON DELETE CASCADE ON UPDATE CASCADE;

--
-- Constraints for table `user_session_activities`
--
ALTER TABLE `user_session_activities`
  ADD CONSTRAINT `user_session_activities_ibfk_1` FOREIGN KEY (`SessionLogId`) REFERENCES `session_logs` (`SessionLogId`),
  ADD CONSTRAINT `user_session_activities_ibfk_2` FOREIGN KEY (`SessionActivityId`) REFERENCES `session_activities` (`SessionActivityId`);
COMMIT;

/*!40101 SET CHARACTER_SET_CLIENT=@OLD_CHARACTER_SET_CLIENT */;
/*!40101 SET CHARACTER_SET_RESULTS=@OLD_CHARACTER_SET_RESULTS */;
/*!40101 SET COLLATION_CONNECTION=@OLD_COLLATION_CONNECTION */;
